strategy,block_id,outer_seed,outer_path_index,path_uid,payoff_K,premium_K,premium_terminal_K,hedge_error_K,abs_hedge_error_K
no_hedge,3,12301,400,b3_p00400,0.0843182447375248,0.010719333001557797,0.011045785292412793,-0.07327245944511201,0.07327245944511201
no_hedge,1,12101,46,b1_p00046,0.08108760832075101,0.010719333001557797,0.011045785292412793,-0.07004182302833822,0.07004182302833822
no_hedge,4,12401,101,b4_p00101,0.07849440644181516,0.010719333001557797,0.011045785292412793,-0.06744862114940237,0.06744862114940237
no_hedge,1,12101,491,b1_p00491,0.07831716903989294,0.010719333001557797,0.011045785292412793,-0.06727138374748015,0.06727138374748015
no_hedge,4,12401,99,b4_p00099,0.07716684852258138,0.010719333001557797,0.011045785292412793,-0.06612106323016859,0.06612106323016859
no_hedge,3,12301,329,b3_p00329,0.07426497968377954,0.010719333001557797,0.011045785292412793,-0.06321919439136675,0.06321919439136675
no_hedge,2,12201,286,b2_p00286,0.07132627075685072,0.010719333001557797,0.011045785292412793,-0.06028048546443793,0.06028048546443793
no_hedge,3,12301,396,b3_p00396,0.06850570212616414,0.010719333001557797,0.011045785292412793,-0.057459916833751346,0.057459916833751346
no_hedge,1,12101,107,b1_p00107,0.0680560214652004,0.010719333001557797,0.011045785292412793,-0.05701023617278761,0.05701023617278761
no_hedge,3,12301,381,b3_p00381,0.06651798473482207,0.010719333001557797,0.011045785292412793,-0.055472199442409276,0.055472199442409276
no_hedge,2,12201,189,b2_p00189,0.06514541582586597,0.010719333001557797,0.011045785292412793,-0.05409963053345318,0.05409963053345318
no_hedge,1,12101,124,b1_p00124,0.0650505116411153,0.010719333001557797,0.011045785292412793,-0.054004726348702514,0.054004726348702514
no_hedge,1,12101,326,b1_p00326,0.06316080974198535,0.010719333001557797,0.011045785292412793,-0.052115024449572556,0.052115024449572556
no_hedge,1,12101,495,b1_p00495,0.06155707542326261,0.010719333001557797,0.011045785292412793,-0.05051129013084982,0.05051129013084982
no_hedge,1,12101,222,b1_p00222,0.06145813094441954,0.010719333001557797,0.011045785292412793,-0.05041234565200675,0.05041234565200675
no_hedge,1,12101,136,b1_p00136,0.06142949197294589,0.010719333001557797,0.011045785292412793,-0.0503837066805331,0.0503837066805331
no_hedge,4,12401,82,b4_p00082,0.05980981608090308,0.010719333001557797,0.011045785292412793,-0.04876403078849029,0.04876403078849029
no_hedge,1,12101,172,b1_p00172,0.059336289678508125,0.010719333001557797,0.011045785292412793,-0.048290504386095334,0.048290504386095334
no_hedge,4,12401,201,b4_p00201,0.058746603853061075,0.010719333001557797,0.011045785292412793,-0.047700818560648284,0.047700818560648284
no_hedge,1,12101,406,b1_p00406,0.05802872318216612,0.010719333001557797,0.011045785292412793,-0.04698293788975333,0.04698293788975333
no_hedge,1,12101,235,b1_p00235,0.05780889245991272,0.010719333001557797,0.011045785292412793,-0.04676310716749993,0.04676310716749993
no_hedge,4,12401,64,b4_p00064,0.05752396221932021,0.010719333001557797,0.011045785292412793,-0.04647817692690742,0.04647817692690742
no_hedge,4,12401,163,b4_p00163,0.056760311283799325,0.010719333001557797,0.011045785292412793,-0.045714525991386534,0.045714525991386534
no_hedge,3,12301,431,b3_p00431,0.05631972152503972,0.010719333001557797,0.011045785292412793,-0.04527393623262693,0.04527393623262693
no_hedge,2,12201,413,b2_p00413,0.05617656085750333,0.010719333001557797,0.011045785292412793,-0.04513077556509054,0.04513077556509054
no_hedge,3,12301,17,b3_p00017,0.05604131089968534,0.010719333001557797,0.011045785292412793,-0.044995525607272546,0.044995525607272546
no_hedge,1,12101,59,b1_p00059,0.05602571444022586,0.010719333001557797,0.011045785292412793,-0.04497992914781307,0.04497992914781307
no_hedge,4,12401,153,b4_p00153,0.05565037885738455,0.010719333001557797,0.011045785292412793,-0.04460459356497176,0.04460459356497176
no_hedge,1,12101,416,b1_p00416,0.05551884830999443,0.010719333001557797,0.011045785292412793,-0.04447306301758164,0.04447306301758164
no_hedge,1,12101,121,b1_p00121,0.055342480879465805,0.010719333001557797,0.011045785292412793,-0.044296695587053014,0.044296695587053014
no_hedge,3,12301,371,b3_p00371,0.055329633512042564,0.010719333001557797,0.011045785292412793,-0.04428384821962977,0.04428384821962977
no_hedge,4,12401,368,b4_p00368,0.054581830612950855,0.010719333001557797,0.011045785292412793,-0.043536045320538064,0.043536045320538064
no_hedge,1,12101,320,b1_p00320,0.05426131582223426,0.010719333001557797,0.011045785292412793,-0.043215530529821466,0.043215530529821466
no_hedge,1,12101,44,b1_p00044,0.054049451831963635,0.010719333001557797,0.011045785292412793,-0.043003666539550844,0.043003666539550844
no_hedge,1,12101,267,b1_p00267,0.05396495698381387,0.010719333001557797,0.011045785292412793,-0.04291917169140108,0.04291917169140108
no_hedge,3,12301,393,b3_p00393,0.05292984505468912,0.010719333001557797,0.011045785292412793,-0.04188405976227633,0.04188405976227633
no_hedge,2,12201,26,b2_p00026,0.0528493850858438,0.010719333001557797,0.011045785292412793,-0.04180359979343101,0.04180359979343101
no_hedge,1,12101,192,b1_p00192,0.05277776243740173,0.010719333001557797,0.011045785292412793,-0.04173197714498894,0.04173197714498894
no_hedge,2,12201,213,b2_p00213,0.05214137769476834,0.010719333001557797,0.011045785292412793,-0.04109559240235555,0.04109559240235555
no_hedge,2,12201,407,b2_p00407,0.05204868099868776,0.010719333001557797,0.011045785292412793,-0.04100289570627497,0.04100289570627497
no_hedge,4,12401,470,b4_p00470,0.05184078088331545,0.010719333001557797,0.011045785292412793,-0.04079499559090266,0.04079499559090266
no_hedge,4,12401,432,b4_p00432,0.0517828097344315,0.010719333001557797,0.011045785292412793,-0.04073702444201871,0.04073702444201871
no_hedge,3,12301,320,b3_p00320,0.05127904579378639,0.010719333001557797,0.011045785292412793,-0.0402332605013736,0.0402332605013736
no_hedge,3,12301,489,b3_p00489,0.05127535439133135,0.010719333001557797,0.011045785292412793,-0.04022956909891856,0.04022956909891856
no_hedge,3,12301,36,b3_p00036,0.051172409795970264,0.010719333001557797,0.011045785292412793,-0.04012662450355747,0.04012662450355747
no_hedge,1,12101,382,b1_p00382,0.051110922573276873,0.010719333001557797,0.011045785292412793,-0.04006513728086408,0.04006513728086408
no_hedge,4,12401,238,b4_p00238,0.05099640661818827,0.010719333001557797,0.011045785292412793,-0.03995062132577548,0.03995062132577548
no_hedge,1,12101,140,b1_p00140,0.0508233594699643,0.010719333001557797,0.011045785292412793,-0.03977757417755151,0.03977757417755151
no_hedge,2,12201,441,b2_p00441,0.050622553165706075,0.010719333001557797,0.011045785292412793,-0.039576767873293284,0.039576767873293284
no_hedge,1,12101,106,b1_p00106,0.05059780182415041,0.010719333001557797,0.011045785292412793,-0.03955201653173762,0.03955201653173762
oracle_rqmc,2,12201,198,b2_p00198,0.02695050735011084,0.010719333001557797,0.011045785292412793,-0.012078336659759006,0.012078336659759006
oracle_rqmc,4,12401,304,b4_p00304,0.028947712479582055,0.010719333001557797,0.011045785292412793,-0.012069661890887429,0.012069661890887429
oracle_rqmc,1,12101,399,b1_p00399,0.01735400992464431,0.010719333001557797,0.011045785292412793,-0.01205269201306485,0.01205269201306485
oracle_rqmc,4,12401,392,b4_p00392,0.0071789981551628745,0.010719333001557797,0.011045785292412793,-0.011770502044725845,0.011770502044725845
oracle_rqmc,3,12301,105,b3_p00105,0.011884306999437877,0.010719333001557797,0.011045785292412793,-0.010763217209764905,0.010763217209764905
oracle_rqmc,4,12401,20,b4_p00020,0.0,0.010719333001557797,0.011045785292412793,-0.009678833537845136,0.009678833537845136
oracle_rqmc,1,12101,47,b1_p00047,0.0,0.010719333001557797,0.011045785292412793,-0.008750555672568853,0.008750555672568853
oracle_rqmc,1,12101,322,b1_p00322,0.0,0.010719333001557797,0.011045785292412793,-0.008073014526600518,0.008073014526600518
oracle_rqmc,4,12401,184,b4_p00184,0.015315139724038085,0.010719333001557797,0.011045785292412793,-0.008005192609661323,0.008005192609661323
oracle_rqmc,4,12401,78,b4_p00078,0.007480327591576907,0.010719333001557797,0.011045785292412793,-0.007498014649862085,0.007498014649862085
oracle_rqmc,2,12201,176,b2_p00176,0.0028780272221977654,0.010719333001557797,0.011045785292412793,0.007216400746418392,0.007216400746418392
oracle_rqmc,3,12301,161,b3_p00161,0.0,0.010719333001557797,0.011045785292412793,-0.00714971332763774,0.00714971332763774
oracle_rqmc,3,12301,275,b3_p00275,0.0,0.010719333001557797,0.011045785292412793,-0.0071486775221595075,0.0071486775221595075
oracle_rqmc,1,12101,384,b1_p00384,0.0,0.010719333001557797,0.011045785292412793,-0.007101618449112649,0.007101618449112649
oracle_rqmc,4,12401,85,b4_p00085,0.0,0.010719333001557797,0.011045785292412793,-0.0069656084514370855,0.0069656084514370855
oracle_rqmc,4,12401,283,b4_p00283,0.00015716274791377494,0.010719333001557797,0.011045785292412793,0.006832824703700866,0.006832824703700866
oracle_rqmc,2,12201,207,b2_p00207,0.0,0.010719333001557797,0.011045785292412793,0.006828469763843114,0.006828469763843114
oracle_rqmc,2,12201,411,b2_p00411,6.253954780244264e-05,0.010719333001557797,0.011045785292412793,0.006762292031024444,0.006762292031024444
oracle_rqmc,2,12201,287,b2_p00287,0.0,0.010719333001557797,0.011045785292412793,-0.006737702962161163,0.006737702962161163
oracle_rqmc,3,12301,378,b3_p00378,0.0003243870620477374,0.010719333001557797,0.011045785292412793,0.006700902314999547,0.006700902314999547
oracle_rqmc,1,12101,81,b1_p00081,0.0,0.010719333001557797,0.011045785292412793,-0.006683147820018104,0.006683147820018104
oracle_rqmc,3,12301,192,b3_p00192,0.013750739809303303,0.010719333001557797,0.011045785292412793,-0.006681057740111523,0.006681057740111523
oracle_rqmc,2,12201,272,b2_p00272,0.0,0.010719333001557797,0.011045785292412793,-0.006628623537643546,0.006628623537643546
oracle_rqmc,4,12401,312,b4_p00312,0.0,0.010719333001557797,0.011045785292412793,0.006572997809963927,0.006572997809963927
oracle_rqmc,3,12301,444,b3_p00444,0.0,0.010719333001557797,0.011045785292412793,0.006562001854335662,0.006562001854335662
oracle_rqmc,3,12301,369,b3_p00369,0.011725449619309103,0.010719333001557797,0.011045785292412793,-0.006469231284028713,0.006469231284028713
oracle_rqmc,2,12201,70,b2_p00070,0.0,0.010719333001557797,0.011045785292412793,-0.00644564230662765,0.00644564230662765
oracle_rqmc,4,12401,157,b4_p00157,0.0,0.010719333001557797,0.011045785292412793,-0.006410444673996487,0.006410444673996487
oracle_rqmc,4,12401,211,b4_p00211,0.00010600310979325123,0.010719333001557797,0.011045785292412793,0.006275533359923106,0.006275533359923106
oracle_rqmc,2,12201,416,b2_p00416,0.03122972454083328,0.010719333001557797,0.011045785292412793,-0.006266423545978339,0.006266423545978339
oracle_rqmc,1,12101,180,b1_p00180,0.05035847891826539,0.010719333001557797,0.011045785292412793,-0.0061582408393989,0.0061582408393989
oracle_rqmc,4,12401,14,b4_p00014,0.018643705106727193,0.010719333001557797,0.011045785292412793,-0.006066551309288166,0.006066551309288166
oracle_rqmc,3,12301,415,b3_p00415,0.0020984807830271013,0.010719333001557797,0.011045785292412793,0.006028858657515002,0.006028858657515002
oracle_rqmc,1,12101,405,b1_p00405,0.0,0.010719333001557797,0.011045785292412793,0.006004995331788522,0.006004995331788522
oracle_rqmc,3,12301,51,b3_p00051,0.0,0.010719333001557797,0.011045785292412793,0.00591314260235761,0.00591314260235761
oracle_rqmc,3,12301,106,b3_p00106,0.025867060531524766,0.010719333001557797,0.011045785292412793,-0.005866790273279569,0.005866790273279569
oracle_rqmc,2,12201,350,b2_p00350,0.007979975448467291,0.010719333001557797,0.011045785292412793,-0.005804473209956185,0.005804473209956185
oracle_rqmc,3,12301,464,b3_p00464,0.017794915835124492,0.010719333001557797,0.011045785292412793,-0.005802333490548475,0.005802333490548475
oracle_rqmc,2,12201,471,b2_p00471,0.0,0.010719333001557797,0.011045785292412793,0.0057558226379339494,0.0057558226379339494
oracle_rqmc,1,12101,474,b1_p00474,0.0,0.010719333001557797,0.011045785292412793,-0.005713919614885441,0.005713919614885441
oracle_rqmc,3,12301,447,b3_p00447,0.0,0.010719333001557797,0.011045785292412793,-0.005705930960697542,0.005705930960697542
oracle_rqmc,2,12201,20,b2_p00020,0.04623259263245205,0.010719333001557797,0.011045785292412793,-0.005705496318546846,0.005705496318546846
oracle_rqmc,4,12401,380,b4_p00380,0.0,0.010719333001557797,0.011045785292412793,-0.00570395179672179,0.00570395179672179
oracle_rqmc,4,12401,141,b4_p00141,0.0,0.010719333001557797,0.011045785292412793,-0.005685626026322587,0.005685626026322587
oracle_rqmc,4,12401,350,b4_p00350,0.018342026411683365,0.010719333001557797,0.011045785292412793,-0.005678672279897214,0.005678672279897214
oracle_rqmc,3,12301,383,b3_p00383,0.018472803321198272,0.010719333001557797,0.011045785292412793,-0.005642640604647723,0.005642640604647723
oracle_rqmc,1,12101,157,b1_p00157,0.004849426739259144,0.010719333001557797,0.011045785292412793,0.005613168318932112,0.005613168318932112
oracle_rqmc,4,12401,509,b4_p00509,0.0,0.010719333001557797,0.011045785292412793,-0.0054786023152038985,0.0054786023152038985
oracle_rqmc,1,12101,151,b1_p00151,0.003360426722865295,0.010719333001557797,0.011045785292412793,0.005475450271120116,0.005475450271120116
oracle_rqmc,2,12201,76,b2_p00076,0.004935014150241557,0.010719333001557797,0.011045785292412793,-0.005433395901384095,0.005433395901384095
mlp_ensemble,3,12301,22,b3_p00022,0.0,0.010719333001557797,0.011045785292412793,1.683016035646306,1.683016035646306
mlp_ensemble,3,12301,236,b3_p00236,0.0,0.010719333001557797,0.011045785292412793,-1.0283470686960625,1.0283470686960625
mlp_ensemble,3,12301,195,b3_p00195,0.0,0.010719333001557797,0.011045785292412793,1.000252027815135,1.000252027815135
mlp_ensemble,4,12401,78,b4_p00078,0.007480327591576907,0.010719333001557797,0.011045785292412793,0.8530509682069566,0.8530509682069566
mlp_ensemble,4,12401,499,b4_p00499,0.0,0.010719333001557797,0.011045785292412793,-0.8303467999789105,0.8303467999789105
mlp_ensemble,4,12401,86,b4_p00086,0.0,0.010719333001557797,0.011045785292412793,-0.7504787742304769,0.7504787742304769
mlp_ensemble,3,12301,24,b3_p00024,0.0,0.010719333001557797,0.011045785292412793,-0.7437931121943003,0.7437931121943003
mlp_ensemble,2,12201,11,b2_p00011,0.0,0.010719333001557797,0.011045785292412793,0.6715787830277585,0.6715787830277585
mlp_ensemble,3,12301,497,b3_p00497,0.0,0.010719333001557797,0.011045785292412793,-0.6294979969295048,0.6294979969295048
mlp_ensemble,4,12401,245,b4_p00245,0.0,0.010719333001557797,0.011045785292412793,-0.6282766538408099,0.6282766538408099
mlp_ensemble,4,12401,397,b4_p00397,0.0,0.010719333001557797,0.011045785292412793,0.6196066093137608,0.6196066093137608
mlp_ensemble,3,12301,281,b3_p00281,0.0,0.010719333001557797,0.011045785292412793,-0.6157172226866062,0.6157172226866062
mlp_ensemble,1,12101,111,b1_p00111,0.0,0.010719333001557797,0.011045785292412793,0.6069055579058581,0.6069055579058581
mlp_ensemble,1,12101,64,b1_p00064,0.0,0.010719333001557797,0.011045785292412793,0.578332698002416,0.578332698002416
mlp_ensemble,4,12401,487,b4_p00487,0.0,0.010719333001557797,0.011045785292412793,0.55596800394465,0.55596800394465
mlp_ensemble,3,12301,9,b3_p00009,0.0,0.010719333001557797,0.011045785292412793,0.5271092928168828,0.5271092928168828
mlp_ensemble,2,12201,401,b2_p00401,0.0,0.010719333001557797,0.011045785292412793,-0.5060771591691454,0.5060771591691454
mlp_ensemble,2,12201,22,b2_p00022,0.0,0.010719333001557797,0.011045785292412793,-0.4993486477994959,0.4993486477994959
mlp_ensemble,1,12101,18,b1_p00018,0.0,0.010719333001557797,0.011045785292412793,-0.4812917843666493,0.4812917843666493
mlp_ensemble,2,12201,388,b2_p00388,0.0,0.010719333001557797,0.011045785292412793,-0.46236170109680536,0.46236170109680536
mlp_ensemble,1,12101,160,b1_p00160,0.0,0.010719333001557797,0.011045785292412793,0.4608496145360378,0.4608496145360378
mlp_ensemble,1,12101,293,b1_p00293,0.0,0.010719333001557797,0.011045785292412793,-0.4592297459868908,0.4592297459868908
mlp_ensemble,2,12201,223,b2_p00223,0.0,0.010719333001557797,0.011045785292412793,-0.45857932755887615,0.45857932755887615
mlp_ensemble,3,12301,209,b3_p00209,0.0,0.010719333001557797,0.011045785292412793,-0.4509793991847982,0.4509793991847982
mlp_ensemble,4,12401,157,b4_p00157,0.0,0.010719333001557797,0.011045785292412793,-0.4442001878009721,0.4442001878009721
mlp_ensemble,3,12301,109,b3_p00109,0.0036235968769806615,0.010719333001557797,0.011045785292412793,-0.4437646422921543,0.4437646422921543
mlp_ensemble,1,12101,95,b1_p00095,0.0,0.010719333001557797,0.011045785292412793,-0.4377981756143941,0.4377981756143941
mlp_ensemble,2,12201,25,b2_p00025,0.0,0.010719333001557797,0.011045785292412793,0.43318201924542865,0.43318201924542865
mlp_ensemble,2,12201,246,b2_p00246,0.0,0.010719333001557797,0.011045785292412793,-0.432968150719193,0.432968150719193
mlp_ensemble,1,12101,286,b1_p00286,0.0,0.010719333001557797,0.011045785292412793,0.4305013764798429,0.4305013764798429
mlp_ensemble,2,12201,361,b2_p00361,0.0,0.010719333001557797,0.011045785292412793,-0.4182194474860854,0.4182194474860854
mlp_ensemble,3,12301,458,b3_p00458,0.0,0.010719333001557797,0.011045785292412793,0.41296678025211037,0.41296678025211037
mlp_ensemble,1,12101,470,b1_p00470,0.0,0.010719333001557797,0.011045785292412793,0.40425455112667075,0.40425455112667075
mlp_ensemble,1,12101,370,b1_p00370,0.0,0.010719333001557797,0.011045785292412793,0.39672533203714583,0.39672533203714583
mlp_ensemble,3,12301,315,b3_p00315,0.0,0.010719333001557797,0.011045785292412793,-0.3965884864844531,0.3965884864844531
mlp_ensemble,1,12101,150,b1_p00150,0.0,0.010719333001557797,0.011045785292412793,-0.3929407619544845,0.3929407619544845
mlp_ensemble,4,12401,176,b4_p00176,0.0,0.010719333001557797,0.011045785292412793,-0.38397457489347625,0.38397457489347625
mlp_ensemble,3,12301,324,b3_p00324,0.0,0.010719333001557797,0.011045785292412793,0.38382138798741383,0.38382138798741383
mlp_ensemble,3,12301,80,b3_p00080,0.0,0.010719333001557797,0.011045785292412793,-0.37053884879628896,0.37053884879628896
mlp_ensemble,3,12301,55,b3_p00055,0.0,0.010719333001557797,0.011045785292412793,0.35568974927432523,0.35568974927432523
mlp_ensemble,1,12101,195,b1_p00195,0.0,0.010719333001557797,0.011045785292412793,0.3546692119214024,0.3546692119214024
mlp_ensemble,2,12201,204,b2_p00204,0.0,0.010719333001557797,0.011045785292412793,-0.35048111482530575,0.35048111482530575
mlp_ensemble,3,12301,487,b3_p00487,0.0,0.010719333001557797,0.011045785292412793,0.34912475669329796,0.34912475669329796
mlp_ensemble,4,12401,253,b4_p00253,0.0,0.010719333001557797,0.011045785292412793,-0.3458164527427733,0.3458164527427733
mlp_ensemble,3,12301,40,b3_p00040,0.0,0.010719333001557797,0.011045785292412793,0.3439532937886784,0.3439532937886784
mlp_ensemble,4,12401,462,b4_p00462,0.0,0.010719333001557797,0.011045785292412793,0.3395849635213756,0.3395849635213756
mlp_ensemble,3,12301,108,b3_p00108,0.0,0.010719333001557797,0.011045785292412793,-0.33786315541813633,0.33786315541813633
mlp_ensemble,4,12401,328,b4_p00328,0.0,0.010719333001557797,0.011045785292412793,-0.3334427653569243,0.3334427653569243
mlp_ensemble,2,12201,299,b2_p00299,0.0,0.010719333001557797,0.011045785292412793,0.3324679681100767,0.3324679681100767
mlp_ensemble,2,12201,314,b2_p00314,0.0,0.010719333001557797,0.011045785292412793,0.32964726486798596,0.32964726486798596
dml_ensemble,3,12301,22,b3_p00022,0.0,0.010719333001557797,0.011045785292412793,0.47019292026120396,0.47019292026120396
dml_ensemble,3,12301,24,b3_p00024,0.0,0.010719333001557797,0.011045785292412793,-0.38142787621717117,0.38142787621717117
dml_ensemble,2,12201,22,b2_p00022,0.0,0.010719333001557797,0.011045785292412793,-0.31032586781393906,0.31032586781393906
dml_ensemble,3,12301,44,b3_p00044,0.0,0.010719333001557797,0.011045785292412793,0.2914432692171173,0.2914432692171173
dml_ensemble,2,12201,455,b2_p00455,0.0,0.010719333001557797,0.011045785292412793,0.2656707548113156,0.2656707548113156
dml_ensemble,2,12201,246,b2_p00246,0.0,0.010719333001557797,0.011045785292412793,-0.2583886996343617,0.2583886996343617
dml_ensemble,3,12301,281,b3_p00281,0.0,0.010719333001557797,0.011045785292412793,-0.252329646655536,0.252329646655536
dml_ensemble,1,12101,18,b1_p00018,0.0,0.010719333001557797,0.011045785292412793,-0.2442352017188552,0.2442352017188552
dml_ensemble,3,12301,484,b3_p00484,0.0,0.010719333001557797,0.011045785292412793,0.23688982078152668,0.23688982078152668
dml_ensemble,3,12301,9,b3_p00009,0.0,0.010719333001557797,0.011045785292412793,0.22841096093028096,0.22841096093028096
dml_ensemble,4,12401,240,b4_p00240,0.0,0.010719333001557797,0.011045785292412793,-0.22192891783312024,0.22192891783312024
dml_ensemble,4,12401,214,b4_p00214,0.0,0.010719333001557797,0.011045785292412793,0.22072745079778575,0.22072745079778575
dml_ensemble,2,12201,388,b2_p00388,0.0,0.010719333001557797,0.011045785292412793,-0.22013941866689912,0.22013941866689912
dml_ensemble,1,12101,195,b1_p00195,0.0,0.010719333001557797,0.011045785292412793,0.21783671866654497,0.21783671866654497
dml_ensemble,2,12201,223,b2_p00223,0.0,0.010719333001557797,0.011045785292412793,-0.2129180677574365,0.2129180677574365
dml_ensemble,3,12301,67,b3_p00067,0.0,0.010719333001557797,0.011045785292412793,0.1982792569061262,0.1982792569061262
dml_ensemble,2,12201,319,b2_p00319,0.0,0.010719333001557797,0.011045785292412793,0.19684845327380768,0.19684845327380768
dml_ensemble,4,12401,253,b4_p00253,0.0,0.010719333001557797,0.011045785292412793,0.1962293425860967,0.1962293425860967
dml_ensemble,3,12301,331,b3_p00331,0.0,0.010719333001557797,0.011045785292412793,-0.19525162476923213,0.19525162476923213
dml_ensemble,3,12301,333,b3_p00333,0.0,0.010719333001557797,0.011045785292412793,0.19490796694824541,0.19490796694824541
dml_ensemble,2,12201,204,b2_p00204,0.0,0.010719333001557797,0.011045785292412793,-0.19474974239050272,0.19474974239050272
dml_ensemble,1,12101,215,b1_p00215,0.0,0.010719333001557797,0.011045785292412793,0.19342844942651993,0.19342844942651993
dml_ensemble,3,12301,498,b3_p00498,0.0,0.010719333001557797,0.011045785292412793,-0.18686353156482655,0.18686353156482655
dml_ensemble,3,12301,497,b3_p00497,0.0,0.010719333001557797,0.011045785292412793,-0.1823926395188926,0.1823926395188926
dml_ensemble,4,12401,288,b4_p00288,0.0,0.010719333001557797,0.011045785292412793,-0.17874855495294695,0.17874855495294695
dml_ensemble,4,12401,41,b4_p00041,0.0,0.010719333001557797,0.011045785292412793,-0.17794333534299683,0.17794333534299683
dml_ensemble,3,12301,171,b3_p00171,0.0,0.010719333001557797,0.011045785292412793,-0.17682361028308857,0.17682361028308857
dml_ensemble,1,12101,230,b1_p00230,0.0,0.010719333001557797,0.011045785292412793,0.1762518640684736,0.1762518640684736
dml_ensemble,4,12401,462,b4_p00462,0.0,0.010719333001557797,0.011045785292412793,0.17284345542465582,0.17284345542465582
dml_ensemble,4,12401,448,b4_p00448,0.0,0.010719333001557797,0.011045785292412793,-0.17009573468601635,0.17009573468601635
dml_ensemble,2,12201,11,b2_p00011,0.0,0.010719333001557797,0.011045785292412793,0.16998744700389018,0.16998744700389018
dml_ensemble,3,12301,12,b3_p00012,0.0,0.010719333001557797,0.011045785292412793,0.16449535727637196,0.16449535727637196
dml_ensemble,3,12301,458,b3_p00458,0.0,0.010719333001557797,0.011045785292412793,0.16169196035941333,0.16169196035941333
dml_ensemble,2,12201,510,b2_p00510,0.0,0.010719333001557797,0.011045785292412793,0.16158163217495444,0.16158163217495444
dml_ensemble,3,12301,315,b3_p00315,0.0,0.010719333001557797,0.011045785292412793,0.1612270194042974,0.1612270194042974
dml_ensemble,1,12101,170,b1_p00170,0.0,0.010719333001557797,0.011045785292412793,-0.15993233684869837,0.15993233684869837
dml_ensemble,4,12401,206,b4_p00206,0.0,0.010719333001557797,0.011045785292412793,-0.15892987018645358,0.15892987018645358
dml_ensemble,2,12201,338,b2_p00338,0.0,0.010719333001557797,0.011045785292412793,-0.1510096573017919,0.1510096573017919
dml_ensemble,4,12401,450,b4_p00450,0.0,0.010719333001557797,0.011045785292412793,0.14391142480942865,0.14391142480942865
dml_ensemble,3,12301,34,b3_p00034,0.0,0.010719333001557797,0.011045785292412793,-0.14366546536496358,0.14366546536496358
dml_ensemble,2,12201,342,b2_p00342,0.0,0.010719333001557797,0.011045785292412793,0.14213328409961093,0.14213328409961093
dml_ensemble,1,12101,143,b1_p00143,0.0,0.010719333001557797,0.011045785292412793,-0.1406470311796996,0.1406470311796996
dml_ensemble,2,12201,293,b2_p00293,0.0,0.010719333001557797,0.011045785292412793,-0.13815372522645056,0.13815372522645056
dml_ensemble,2,12201,62,b2_p00062,0.0,0.010719333001557797,0.011045785292412793,-0.13756568838011923,0.13756568838011923
dml_ensemble,1,12101,64,b1_p00064,0.0,0.010719333001557797,0.011045785292412793,0.13371496273924421,0.13371496273924421
dml_ensemble,4,12401,460,b4_p00460,0.0,0.010719333001557797,0.011045785292412793,-0.13081871791274052,0.13081871791274052
dml_ensemble,3,12301,391,b3_p00391,0.0,0.010719333001557797,0.011045785292412793,-0.12874881471077873,0.12874881471077873
dml_ensemble,1,12101,150,b1_p00150,0.0,0.010719333001557797,0.011045785292412793,-0.12748859091035594,0.12748859091035594
dml_ensemble,4,12401,487,b4_p00487,0.0,0.010719333001557797,0.011045785292412793,0.12681002836986083,0.12681002836986083
dml_ensemble,2,12201,164,b2_p00164,0.0,0.010719333001557797,0.011045785292412793,-0.12459694793488979,0.12459694793488979
