shock_size,n_fix_future,tau,distance_to_nearest_fixing_days,strategy,n_observations,mean_residual,rmse,mae,median_abs,p95_abs,p99_abs,max_abs
0.005,12,0.9583333333333334,15.208333333333332,dml_ensemble,1024,-1.0872079021423146e-08,4.058708557218976e-07,3.296270689066357e-07,2.796732420854582e-07,7.795931330807342e-07,1.055707211920101e-06,1.4546890557459637e-06
0.005,12,0.9583333333333334,15.208333333333332,mlp_ensemble,1024,-1.0872079021421485e-08,1.568679787677815e-06,1.302353050337841e-06,1.2302140520290247e-06,3.0858551268506147e-06,4.135566733749087e-06,4.7707224967134815e-06
0.005,12,0.9583333333333334,15.208333333333332,no_hedge,1024,-1.0872079022121339e-08,6.20289950917551e-05,6.187386856737538e-05,6.17097164064672e-05,6.95742656292948e-05,7.190377261588499e-05,7.551447615252588e-05
0.005,12,0.9583333333333334,15.208333333333332,oracle_rqmc,1024,-1.0872079021420366e-08,3.3486326811195107e-08,2.717746686567367e-08,2.3425093269747733e-08,6.343132663366527e-08,8.108340211640349e-08,1.1044275791253805e-07
0.005,11,0.875,15.20833333333333,dml_ensemble,1024,-1.1090884455098232e-08,4.381969096591919e-07,3.350635855909051e-07,2.7091006502191e-07,8.430074851949164e-07,1.3636998600174437e-06,1.6884348762266513e-06
0.005,11,0.875,15.20833333333333,mlp_ensemble,1024,-1.109088445508722e-08,1.8424967698664662e-06,1.2495906894663391e-06,7.147293294490173e-07,3.617323813426985e-06,4.378146257802894e-06,1.2867703242811963e-05
0.005,11,0.875,15.20833333333333,no_hedge,1024,-1.1090884455792829e-08,6.317011569497387e-05,6.156663866212957e-05,6.097599750693166e-05,8.626208810313882e-05,9.53211863295398e-05,0.00010202145050727113
0.005,11,0.875,15.20833333333333,oracle_rqmc,1024,-1.1090884455096108e-08,4.551448618538312e-08,3.6026339828179867e-08,3.011755217708671e-08,9.326998811321037e-08,1.1859524508747183e-07,1.4233903387349841e-07
0.005,10,0.7916666666666667,15.20833333333333,dml_ensemble,1024,-9.660550575463287e-09,4.6287231058674865e-07,3.553069316162968e-07,2.8350698676511433e-07,9.425045875953832e-07,1.2958013038687798e-06,1.7367016739074927e-06
0.005,10,0.7916666666666667,15.20833333333333,mlp_ensemble,1024,-9.660550575453067e-09,2.0528422509093295e-06,1.3997018146830786e-06,8.410800464046591e-07,5.166653838989724e-06,5.975488833852593e-06,6.717234209110219e-06
0.005,10,0.7916666666666667,15.20833333333333,no_hedge,1024,-9.660550576101338e-09,6.436259686874668e-05,6.142429989571566e-05,6.132790979902856e-05,9.279299491417383e-05,9.840855663676297e-05,0.0001017908096315398
0.005,10,0.7916666666666667,15.20833333333333,oracle_rqmc,1024,-9.66055057546252e-09,5.479631635047741e-08,4.282655507802618e-08,3.430848812810877e-08,1.1458489878614342e-07,1.3820187045089688e-07,1.7543777815494485e-07
0.005,9,0.7083333333333334,15.20833333333332,dml_ensemble,1022,-8.633734708603497e-09,3.7479918146909324e-07,2.9829948049189473e-07,2.509680485607383e-07,7.503625901745369e-07,9.807671245166236e-07,1.1201571068134014e-06
0.005,9,0.7083333333333334,15.20833333333332,mlp_ensemble,1022,-8.63373470859795e-09,2.831398084133385e-06,1.915541764494332e-06,1.4577146817746775e-06,5.4155321323243875e-06,7.355832431700512e-06,2.807543239902119e-05
0.005,9,0.7083333333333334,15.20833333333332,no_hedge,1022,-8.633734709268441e-09,6.630001868829497e-05,6.21453708821548e-05,6.359454581164863e-05,9.862005898868697e-05,0.00010560715415835142,0.0001107398529498066
0.005,9,0.7083333333333334,15.20833333333332,oracle_rqmc,1022,-8.633734708602916e-09,6.434537001682721e-08,5.060163018362824e-08,4.2658289029993675e-08,1.323329015511355e-07,1.7452236780003349e-07,2.0117249423759638e-07
0.005,8,0.625,15.20833333333334,dml_ensemble,1022,-1.0520471078593623e-08,4.4034068092164783e-07,3.6002066438731343e-07,3.2847908368722234e-07,8.121147398968282e-07,1.0513744361022488e-06,1.5314610502999916e-06
0.005,8,0.625,15.20833333333334,mlp_ensemble,1022,-1.0520471078592037e-08,2.4367106778370777e-06,1.5091777037616554e-06,9.272068849405871e-07,4.9350924991152934e-06,9.861289712202424e-06,1.6080838118555116e-05
0.005,8,0.625,15.20833333333334,no_hedge,1022,-1.0520471079302565e-08,6.713011524534413e-05,6.193727731453291e-05,6.267775011235648e-05,0.00010247140616961858,0.0001074488783106274,0.0001130677692038895
0.005,8,0.625,15.20833333333334,oracle_rqmc,1022,-1.0520471078596988e-08,7.036399400951579e-08,5.530773091341393e-08,4.4038188157373594e-08,1.4555261973988352e-07,1.8788134287659205e-07,2.145823786572161e-07
0.005,7,0.5416666666666666,15.20833333333332,dml_ensemble,1022,-1.3261599843559779e-08,5.251128074605239e-07,4.3232812627108764e-07,3.9170276442505327e-07,9.63595433684064e-07,1.3194504828199999e-06,2.256358102725831e-06
0.005,7,0.5416666666666666,15.20833333333332,mlp_ensemble,1022,-1.3261599843560593e-08,2.7459705132477738e-06,1.732436447475297e-06,1.2468945995156155e-06,4.005314585038874e-06,8.796565837257119e-06,2.386710033762946e-05
0.005,7,0.5416666666666666,15.20833333333332,no_hedge,1022,-1.3261599844238947e-08,6.986004626039394e-05,6.325644944155555e-05,6.376509903190976e-05,0.0001068624210676319,0.00011275605358918146,0.00011421169326459452
0.005,7,0.5416666666666666,15.20833333333332,oracle_rqmc,1022,-1.3261599843564109e-08,7.9988593241282e-08,6.330322916832624e-08,5.2375778999055596e-08,1.6708480896409638e-07,1.960264825219222e-07,2.1433928070249946e-07
0.005,6,0.45833333333333326,15.20833333333332,dml_ensemble,1024,-7.869899296515754e-09,4.622759377570517e-07,3.783912086319281e-07,3.3681416448153826e-07,8.492603453392547e-07,1.0460461206298296e-06,1.7055200760448364e-06
0.005,6,0.45833333333333326,15.20833333333332,mlp_ensemble,1024,-7.869899296510121e-09,2.9672132476410604e-06,2.2618744980830384e-06,1.9424620305479077e-06,5.017566424962977e-06,8.913903585809675e-06,2.1021647508157065e-05
0.005,6,0.45833333333333326,15.20833333333332,no_hedge,1024,-7.869899297239036e-09,7.027940170945392e-05,6.231313548091212e-05,6.39587037593657e-05,0.0001096624053370923,0.00011411578676228114,0.00011628782687762851
0.005,6,0.45833333333333326,15.20833333333332,oracle_rqmc,1024,-7.869899296518383e-09,8.875109616826285e-08,7.122905519639852e-08,5.837210108729316e-08,1.884584841686192e-07,2.1424724650798082e-07,2.2089817430464664e-07
0.005,5,0.375,15.20833333333332,dml_ensemble,1022,-1.0515415565501774e-08,5.47921399663905e-07,4.4429353913284117e-07,3.7311493659471946e-07,1.0415170345122282e-06,1.4245791576211987e-06,1.8285026844547884e-06
0.005,5,0.375,15.20833333333332,mlp_ensemble,1022,-1.0515415565505275e-08,3.1417712113908434e-06,2.1890816623317545e-06,1.5113393635091363e-06,6.700174754541253e-06,1.0672011208279736e-05,2.0464393755298264e-05
0.005,5,0.375,15.20833333333332,no_hedge,1022,-1.0515415566210096e-08,7.255563153121431e-05,6.317956592060313e-05,6.655415019059209e-05,0.00011215115817572105,0.00011607576952461589,0.00011800917854382781
0.005,5,0.375,15.20833333333332,oracle_rqmc,1022,-1.051541556550468e-08,9.888688813947801e-08,8.069101003801125e-08,6.963409854043493e-08,2.044755591485798e-07,2.182519698186024e-07,2.2159663118268794e-07
0.005,4,0.29166666666666674,15.20833333333332,dml_ensemble,1024,-1.418517123933747e-08,6.405772462851003e-07,5.104582697555708e-07,4.3476257786993305e-07,1.217513273225714e-06,1.5879756947835449e-06,2.665364381177076e-06
0.005,4,0.29166666666666674,15.20833333333332,mlp_ensemble,1024,-1.4185171239330796e-08,3.410310886257331e-06,2.7670492518753814e-06,2.392415756299011e-06,6.561395445669846e-06,8.34790298331746e-06,1.100768060945646e-05
0.005,4,0.29166666666666674,15.20833333333332,no_hedge,1024,-1.4185171240034423e-08,7.460672686847156e-05,6.346633844119397e-05,6.56052763839828e-05,0.00011412365337495882,0.00011699690283079364,0.00011907119969466196
0.005,4,0.29166666666666674,15.20833333333332,oracle_rqmc,1024,-1.4185171239342201e-08,1.1249476884635238e-07,9.298751839372072e-08,8.194393529990031e-08,2.1154134109608895e-07,2.2036416130020703e-07,2.2610544236219244e-07
0.005,3,0.20833333333333326,15.20833333333332,dml_ensemble,1024,-9.806220816288628e-09,5.714944863570688e-07,4.333139111661178e-07,3.3195490778507383e-07,1.109398384533836e-06,1.556639348511777e-06,2.6014245826620086e-06
0.005,3,0.20833333333333326,15.20833333333332,mlp_ensemble,1024,-9.806220816279629e-09,4.999891804588069e-06,3.6966921192490688e-06,2.707278936316261e-06,1.0743882863309505e-05,1.4007749193444712e-05,2.3548444094914202e-05
0.005,3,0.20833333333333326,15.20833333333332,no_hedge,1024,-9.8062208170086e-09,7.66269523815417e-05,6.431831950291607e-05,7.0996467203674e-05,0.00011525466972042292,0.00011725498263968254,0.00011822493322047323
0.005,3,0.20833333333333326,15.20833333333332,oracle_rqmc,1024,-9.806220816292635e-09,1.2771493149894125e-07,1.0721061978128748e-07,1.0077738257967744e-07,2.1729843760733897e-07,2.2262976833099282e-07,2.650616282576983e-07
0.005,2,0.125,15.20833333333332,dml_ensemble,1024,-9.860575607525191e-09,6.007518537648907e-07,4.644866716685087e-07,3.783797616787709e-07,1.198197611001366e-06,1.4412141038887939e-06,2.7651784678444844e-06
0.005,2,0.125,15.20833333333332,mlp_ensemble,1024,-9.860575607524042e-09,5.259768825115811e-06,3.817202911621708e-06,2.6476341183930997e-06,1.098980318237712e-05,1.592792332027814e-05,2.7825310719083898e-05
0.005,2,0.125,15.20833333333332,no_hedge,1024,-9.860575608210557e-09,7.754906174981847e-05,6.28125503611685e-05,6.833095062713963e-05,0.0001162447094149416,0.00011770616383845647,0.00012015127781041593
0.005,2,0.125,15.20833333333332,oracle_rqmc,1024,-9.860575607528315e-09,1.4673226303270208e-07,1.2374513268538952e-07,1.272116142748709e-07,2.2194693623379433e-07,2.5267516229473886e-07,3.0946512841353407e-07
0.005,1,0.060000000000000005,8.51666666666666,dml_ensemble,1024,-3.7982503981257005e-08,4.902250873808898e-07,3.79988978816947e-07,3.098453634204666e-07,8.9235332235771e-07,1.0092648839021782e-06,3.518655070880389e-06
0.005,1,0.060000000000000005,8.51666666666666,mlp_ensemble,1024,-3.798250398127054e-08,4.374681334011824e-06,3.0196605470377326e-06,2.361460762848265e-06,8.26167504498931e-06,1.8472104102203046e-05,2.7058965813376022e-05
0.005,1,0.060000000000000005,8.51666666666666,no_hedge,1024,-3.798250398160102e-08,4.066588586539171e-05,3.187919079532649e-05,3.5311675252401196e-05,5.954675357483958e-05,5.995086130126226e-05,6.048811441401042e-05
0.005,1,0.060000000000000005,8.51666666666666,oracle_rqmc,1024,-3.7982503981258077e-08,7.978161500736687e-08,6.204648383445459e-08,5.071997614151616e-08,1.2787185738258017e-07,1.2882024968216226e-07,1.3004072526627905e-07
0.01,12,0.9583333333333334,15.208333333333332,dml_ensemble,1024,-4.6164616794318156e-08,8.535677560556342e-07,6.967889480732565e-07,6.172369732151099e-07,1.5485727880720137e-06,2.141852354437337e-06,3.045932648441924e-06
0.01,12,0.9583333333333334,15.208333333333332,mlp_ensemble,1024,-4.616461679431814e-08,3.131138176057252e-06,2.57932157906962e-06,2.4003540237919416e-06,6.010244130963141e-06,7.836021104680426e-06,9.69283881551717e-06
0.01,12,0.9583333333333334,15.208333333333332,no_hedge,1024,-4.6164616794306046e-08,0.00012409999624902744,0.00012378972052891,0.00012349389823032401,0.00013912260631531627,0.00014329111763145192,0.00015179654186862207
0.01,12,0.9583333333333334,15.208333333333332,oracle_rqmc,1024,-4.616461679431808e-08,1.0053459206816345e-07,8.144746874646993e-08,7.177462396970434e-08,1.937808894949725e-07,2.3876007296559686e-07,3.13305377501493e-07
0.01,11,0.875,15.20833333333333,dml_ensemble,1024,-3.8742587970214436e-08,8.828132146683136e-07,6.825083068249763e-07,5.507327709605817e-07,1.805894926594132e-06,2.601515372699858e-06,3.763219645409714e-06
0.01,11,0.875,15.20833333333333,mlp_ensemble,1024,-3.8742587970214264e-08,3.72278552752544e-06,2.54762637849206e-06,1.492140200806509e-06,7.231365230604246e-06,9.294306221156347e-06,2.5553185414863304e-05
0.01,11,0.875,15.20833333333333,no_hedge,1024,-3.874258797021372e-08,0.00012630615343594715,0.00012310587933920985,0.00012166694419496818,0.00017171364796999942,0.0001906889263647084,0.00020370967354972971
0.01,11,0.875,15.20833333333333,oracle_rqmc,1024,-3.874258797021436e-08,1.544746793464324e-07,1.204815197231113e-07,9.56897139563155e-08,3.104963365618454e-07,4.365724442259802e-07,6.39285748486293e-07
0.01,10,0.7916666666666667,15.20833333333333,dml_ensemble,1024,-3.8739154933621635e-08,9.406471385102977e-07,7.367938780857852e-07,6.110293093616306e-07,1.859376621978214e-06,2.7701424935601804e-06,3.2840255510975514e-06
0.01,10,0.7916666666666667,15.20833333333333,mlp_ensemble,1024,-3.873915493362141e-08,4.147325146117691e-06,2.8592588510096018e-06,1.7867722903289296e-06,1.0219103190404572e-05,1.2104163886218745e-05,1.3281944084497411e-05
0.01,10,0.7916666666666667,15.20833333333333,no_hedge,1024,-3.873915493362183e-08,0.0001287415364582291,0.00012286675449893838,0.0001226980506519055,0.00018583309412642749,0.00019692156675842727,0.00020426465190530319
0.01,10,0.7916666666666667,15.20833333333333,oracle_rqmc,1024,-3.873915493362154e-08,1.9871120605829386e-07,1.5572493431775207e-07,1.290489914368008e-07,4.0555188291430724e-07,5.093404493982213e-07,6.568090597827399e-07
0.01,9,0.7083333333333334,15.20833333333332,dml_ensemble,1022,-3.9702625990761936e-08,7.85908199601811e-07,6.342777197042005e-07,5.576358324605029e-07,1.5393587130108338e-06,1.9801239111154526e-06,2.719562660411019e-06
0.01,9,0.7083333333333334,15.20833333333332,mlp_ensemble,1022,-3.9702625990761314e-08,5.6441088986157885e-06,3.81650899888253e-06,3.0029040128128596e-06,1.048396766869445e-05,1.640418262320807e-05,5.581569270970986e-05
0.01,9,0.7083333333333334,15.20833333333332,no_hedge,1022,-3.9702625990755676e-08,0.00013257484565949563,0.00012426570387128675,0.00012739111225569966,0.0001971560340807636,0.00021170190772812857,0.0002222025384758866
0.01,9,0.7083333333333334,15.20833333333332,oracle_rqmc,1022,-3.9702625990761896e-08,2.358474585169178e-07,1.8400694095636723e-07,1.4776438621387484e-07,5.067695237782205e-07,6.244900420135698e-07,7.992957567559222e-07
0.01,8,0.625,15.20833333333334,dml_ensemble,1022,-2.945752928255509e-08,9.055225343144873e-07,7.480718169505131e-07,6.766239407094405e-07,1.7410730623054528e-06,2.1362162019583604e-06,2.7248298209356088e-06
0.01,8,0.625,15.20833333333334,mlp_ensemble,1022,-2.94575292825553e-08,4.860918108569224e-06,3.0446159942193932e-06,1.8746417846731377e-06,1.0005045975861947e-05,2.0321556707620887e-05,3.101962112291671e-05
0.01,8,0.625,15.20833333333334,no_hedge,1022,-2.9457529282562472e-08,0.0001342807175847827,0.00012390213708439265,0.00012531542119053989,0.0002045469737086622,0.00021488703790983952,0.00022644332087652652
0.01,8,0.625,15.20833333333334,oracle_rqmc,1022,-2.9457529282555193e-08,2.653070503677015e-07,2.135030876024411e-07,1.8148692908336858e-07,5.415097263189284e-07,7.028905100866674e-07,8.379509025082158e-07
0.01,7,0.5416666666666666,15.20833333333332,dml_ensemble,1022,-4.877207247785236e-08,1.0831832197059116e-06,8.827759388083025e-07,7.954922386693011e-07,2.0384924886041326e-06,2.868428802216072e-06,4.307136773091386e-06
0.01,7,0.5416666666666666,15.20833333333332,mlp_ensemble,1022,-4.8772072477852345e-08,5.520365047118979e-06,3.4859141583221536e-06,2.4512536024740028e-06,8.46422662589607e-06,1.7860931333745457e-05,4.924768729920912e-05
0.01,7,0.5416666666666666,15.20833333333332,no_hedge,1022,-4.8772072477853655e-08,0.0001397167200089761,0.00012650817744176314,0.00012792291495675265,0.0002139144108369687,0.00022568637609955794,0.00022894174140547507
0.01,7,0.5416666666666666,15.20833333333332,oracle_rqmc,1022,-4.8772072477852385e-08,3.127794964273184e-07,2.5151504547580794e-07,2.064043390272406e-07,6.705638855488663e-07,7.886616580043342e-07,8.597639819432189e-07
0.01,6,0.45833333333333326,15.20833333333332,dml_ensemble,1024,-3.704127639914781e-08,9.553120041126062e-07,7.467320712953887e-07,5.937027508073477e-07,1.92735317077205e-06,2.3069910680698327e-06,3.883376103117173e-06
0.01,6,0.45833333333333326,15.20833333333332,mlp_ensemble,1024,-3.7041276399147755e-08,5.9240578606759685e-06,4.516285966356601e-06,3.972434660949203e-06,9.717825159133093e-06,1.7986828449806298e-05,4.2416338789770904e-05
0.01,6,0.45833333333333326,15.20833333333332,no_hedge,1024,-3.704127639914992e-08,0.0001405877328397332,0.00012464908524563288,0.0001280641316896156,0.00021947887638543005,0.00022869857908820165,0.00023286916791142448
0.01,6,0.45833333333333326,15.20833333333332,oracle_rqmc,1024,-3.704127639914793e-08,3.4400523326221873e-07,2.766966545615373e-07,2.3051921893177838e-07,7.138089059630178e-07,8.5014262797484e-07,8.856349747138434e-07
0.01,5,0.375,15.20833333333332,dml_ensemble,1022,-4.302000647055169e-08,1.2022659194371718e-06,9.744721845792029e-07,8.631098202711987e-07,2.2544157119614924e-06,2.962295716209117e-06,4.117074217889492e-06
0.01,5,0.375,15.20833333333332,mlp_ensemble,1022,-4.302000647055164e-08,6.3529341624348225e-06,4.428678090384842e-06,3.1223072506726416e-06,1.3723202298320902e-05,2.1446704824769933e-05,4.136981417044431e-05
0.01,5,0.375,15.20833333333332,no_hedge,1022,-4.3020006470554284e-08,0.00014507097743385184,0.00012633749094799796,0.00013199485915289192,0.00022455477694589916,0.00023194979816767628,0.00023653987807296245
0.01,5,0.375,15.20833333333332,oracle_rqmc,1022,-4.3020006470551677e-08,3.85472816265489e-07,3.1446560350632985e-07,2.7264883079916377e-07,8.062449289098009e-07,8.668714617314538e-07,8.892122301015326e-07
0.01,4,0.29166666666666674,15.20833333333332,dml_ensemble,1024,-4.9684002880595434e-08,1.3406173760290573e-06,1.063593288712366e-06,8.781564479440712e-07,2.6022050252587573e-06,3.211813073636265e-06,5.828598873628462e-06
0.01,4,0.29166666666666674,15.20833333333332,mlp_ensemble,1024,-4.968400288059547e-08,6.836886658273409e-06,5.557811557180852e-06,4.753081307103974e-06,1.3452948147288502e-05,1.6524655508338443e-05,2.2488062941498563e-05
0.01,4,0.29166666666666674,15.20833333333332,no_hedge,1024,-4.9684002880594e-08,0.00014920952270539714,0.0001269321392717666,0.00013138041681812164,0.00022824190278673064,0.0002338063215442126,0.00023854596780520376
0.01,4,0.29166666666666674,15.20833333333332,oracle_rqmc,1024,-4.968400288059561e-08,4.489612694718915e-07,3.7912521030711675e-07,3.3956822535903644e-07,8.394573905112426e-07,8.800071597868548e-07,9.069044136505869e-07
0.01,3,0.20833333333333326,15.20833333333332,dml_ensemble,1024,-3.734158948351631e-08,1.2454739284550933e-06,9.733394042193056e-07,8.066049140603899e-07,2.3728305783604677e-06,3.108364439178643e-06,5.027663565906979e-06
0.01,3,0.20833333333333326,15.20833333333332,mlp_ensemble,1024,-3.734158948351722e-08,1.0006330045356642e-05,7.411166054512862e-06,5.550092570580019e-06,2.1595411753940194e-05,2.853238189713502e-05,4.657517789505251e-05
0.01,3,0.20833333333333326,15.20833333333332,no_hedge,1024,-3.7341589483513123e-08,0.00015324069800185753,0.00012861688905652498,0.0001421648638245468,0.00023055755647056873,0.00023473840079780308,0.00023689982741213755
0.01,3,0.20833333333333326,15.20833333333332,oracle_rqmc,1024,-3.734158948351632e-08,5.082467931704537e-07,4.303971440141144e-07,4.168586151198235e-07,8.642808192118781e-07,8.876301563483921e-07,9.007312706572229e-07
0.01,2,0.125,15.20833333333332,dml_ensemble,1024,-4.202725287122207e-08,1.3016221086730792e-06,9.949336832414644e-07,7.507094299234214e-07,2.6512433009901913e-06,3.1442956892806653e-06,5.9614330472569546e-06
0.01,2,0.125,15.20833333333332,mlp_ensemble,1024,-4.202725287122157e-08,1.0528042480275743e-05,7.634380044607489e-06,5.25146368132525e-06,2.2251599825018198e-05,3.20247437489673e-05,5.60301511785461e-05
0.01,2,0.125,15.20833333333332,no_hedge,1024,-4.202725287121145e-08,0.0001551012214431414,0.0001256279175189697,0.00013678401199228047,0.00023263342989753957,0.00023546803352085064,0.00024068208536121016
0.01,2,0.125,15.20833333333332,oracle_rqmc,1024,-4.2027252871222075e-08,5.804297380022255e-07,4.934046627183138e-07,5.259042026951897e-07,8.820359757841138e-07,8.98534483965292e-07,1.0433240719290245e-06
0.01,1,0.060000000000000005,8.51666666666666,dml_ensemble,1024,-1.5184639751479976e-07,1.0178656093414867e-06,7.886004150156657e-07,6.227126848914368e-07,1.9670766215285066e-06,2.1293628687738026e-06,7.293784713951912e-06
0.01,1,0.060000000000000005,8.51666666666666,mlp_ensemble,1024,-1.5184639751479924e-07,8.753861979446885e-06,6.043363177479239e-06,4.67733743937965e-06,1.6560917313278543e-05,3.694420820440628e-05,5.437440619894318e-05
0.01,1,0.060000000000000005,8.51666666666666,no_hedge,1024,-1.5184639751479648e-07,8.133309710885952e-05,6.375881895808892e-05,7.062881427492601e-05,0.00011901034480632996,0.00012009828937830101,0.00012123758026058584
0.01,1,0.060000000000000005,8.51666666666666,oracle_rqmc,1024,-1.518463975147998e-07,3.1869273404356933e-07,2.4791561748330927e-07,2.0560450394736243e-07,5.1132174340651e-07,5.16480167497868e-07,5.217855091164557e-07
0.02,12,0.9583333333333334,15.208333333333332,dml_ensemble,1024,-1.8199961040978218e-07,1.632376007989549e-06,1.3371600052488508e-06,1.156395137543332e-06,3.0161547110675206e-06,3.666455665991461e-06,5.6235793159225005e-06
0.02,12,0.9583333333333334,15.208333333333332,mlp_ensemble,1024,-1.8199961040978218e-07,6.205647380546116e-06,5.142033662021973e-06,4.850681295581321e-06,1.160100201463699e-05,1.53334304519406e-05,1.8735024191441117e-05
0.02,12,0.9583333333333334,15.208333333333332,no_hedge,1024,-1.8199961040977694e-07,0.0002481242690517086,0.0002474962009088059,0.0002470167965519998,0.00027837339932138634,0.00028885661170351904,0.00030621942068252174
0.02,12,0.9583333333333334,15.208333333333332,oracle_rqmc,1024,-1.8199961040978242e-07,3.1912597775106665e-07,2.5663555466619524e-07,2.2335036069236365e-07,6.138859061269373e-07,8.639624572365429e-07,1.0326822568940326e-06
0.02,11,0.875,15.20833333333333,dml_ensemble,1024,-1.5734884019341591e-07,1.8441913885867488e-06,1.41143079537594e-06,1.1133669022642546e-06,3.7517140173010443e-06,5.621270020313018e-06,8.4438200558235e-06
0.02,11,0.875,15.20833333333333,mlp_ensemble,1024,-1.5734884019341615e-07,7.418183109146036e-06,5.094331374234411e-06,3.0656595092216064e-06,1.4604105366838446e-05,1.7963290463359617e-05,5.128321229583375e-05
0.02,11,0.875,15.20833333333333,no_hedge,1024,-1.5734884019341605e-07,0.0002526599646524464,0.0002462804338974211,0.00024377419670160508,0.00034415038710961795,0.0003798274155590349,0.0004101817366940069
0.02,11,0.875,15.20833333333333,oracle_rqmc,1024,-1.573488401934157e-07,5.787573060592305e-07,4.437951854037554e-07,3.513153418765639e-07,1.2065410983576065e-06,1.6608028828944775e-06,2.2338458931062425e-06
0.02,10,0.7916666666666667,15.20833333333333,dml_ensemble,1024,-1.5196368399516393e-07,1.8887239115594194e-06,1.4930122797564478e-06,1.256040890950012e-06,3.7215118858881235e-06,5.374346777625092e-06,7.677404501517935e-06
0.02,10,0.7916666666666667,15.20833333333333,mlp_ensemble,1024,-1.5196368399516383e-07,8.273933192779887e-06,5.726812159361618e-06,3.556119765241701e-06,2.0334341751805507e-05,2.363397661430911e-05,2.6769791110994206e-05
0.02,10,0.7916666666666667,15.20833333333333,no_hedge,1024,-1.5196368399516595e-07,0.00025753794694441753,0.00024579574508247964,0.0002456758661686393,0.00037085875803002965,0.0003942505486154295,0.00040969347031523384
0.02,10,0.7916666666666667,15.20833333333333,oracle_rqmc,1024,-1.5196368399516362e-07,7.466885753500854e-07,5.849631273326434e-07,4.854339072858676e-07,1.6070180969904507e-06,2.0213644949515585e-06,2.4311824544691264e-06
0.02,9,0.7083333333333334,15.20833333333332,dml_ensemble,1022,-1.593565025151005e-07,1.7059787906935353e-06,1.3781851596635343e-06,1.212316404563941e-06,3.218365051531727e-06,4.274414948713351e-06,5.285495579357446e-06
0.02,9,0.7083333333333334,15.20833333333332,mlp_ensemble,1022,-1.593565025151007e-07,1.1370267195008252e-05,7.70648556452339e-06,5.970016626076518e-06,2.085167789654427e-05,3.165712805564288e-05,0.00011213537844142441
0.02,9,0.7083333333333334,15.20833333333332,no_hedge,1022,-1.5935650251509176e-07,0.00026520253785855536,0.0002485710206908399,0.00025421356474032014,0.0003937729742310927,0.00042403661677237073,0.0004456146306158343
0.02,9,0.7083333333333334,15.20833333333332,oracle_rqmc,1022,-1.5935650251510052e-07,9.259266224832836e-07,7.24614690472189e-07,5.934881080142657e-07,1.9480521115825694e-06,2.5673079720052246e-06,3.3272890269402567e-06
0.02,8,0.625,15.20833333333334,dml_ensemble,1022,-1.3228874672160008e-07,2.0058974208226868e-06,1.6480385145564675e-06,1.490984973348151e-06,3.7325747772788576e-06,4.858725837772067e-06,5.902945028321777e-06
0.02,8,0.625,15.20833333333334,mlp_ensemble,1022,-1.3228874672160019e-07,9.796393757472692e-06,6.130160779638828e-06,3.7911685470388794e-06,2.0571998107785705e-05,4.023918004977217e-05,6.290218625810875e-05
0.02,8,0.625,15.20833333333334,no_hedge,1022,-1.322887467216227e-07,0.0002685528529401306,0.0002477880772484545,0.0002503346972973922,0.00040882173316056597,0.0004299938972796127,0.00045533772432831965
0.02,8,0.625,15.20833333333334,oracle_rqmc,1022,-1.3228874672160053e-07,1.035235136915472e-06,8.215508974560839e-07,6.927020202010478e-07,2.144477236382092e-06,2.760030980721033e-06,3.3185975100065716e-06
0.02,7,0.5416666666666666,15.20833333333332,dml_ensemble,1022,-1.9026705569075432e-07,2.3832074031906e-06,1.9234370804726515e-06,1.6915852800616877e-06,4.483814522125375e-06,5.76864917815575e-06,9.762587483092141e-06
0.02,7,0.5416666666666666,15.20833333333332,mlp_ensemble,1022,-1.9026705569075355e-07,1.1073660037115884e-05,7.013450097462997e-06,5.072210466431726e-06,1.756573331182935e-05,3.738005240812862e-05,9.803579498555103e-05
0.02,7,0.5416666666666666,15.20833333333332,no_hedge,1022,-1.9026705569076183e-07,0.000279487616333343,0.00025304460609903675,0.00025587020699854857,0.00042851830933368477,0.0004503189816448305,0.0004594856518895171
0.02,7,0.5416666666666666,15.20833333333332,oracle_rqmc,1022,-1.9026705569075413e-07,1.2095053579093969e-06,9.648569669376835e-07,8.029070917885741e-07,2.6558457566485846e-06,3.134443444784706e-06,3.3834276838077258e-06
0.02,6,0.45833333333333326,15.20833333333332,dml_ensemble,1024,-1.4235497481353456e-07,2.327057400216233e-06,1.796988177574066e-06,1.3848475216641896e-06,4.944600061818723e-06,5.9818642683732966e-06,9.313711796607167e-06
0.02,6,0.45833333333333326,15.20833333333332,mlp_ensemble,1024,-1.4235497481353382e-07,1.196499794898223e-05,9.167559977018255e-06,8.028896072653237e-06,2.0208478652191234e-05,3.536114749808177e-05,8.443192259021927e-05
0.02,6,0.45833333333333326,15.20833333333332,no_hedge,1024,-1.4235497481354936e-07,0.00028103278982848697,0.0002491671112721723,0.0002558131274088566,0.0004375274774265149,0.00045765501932776525,0.0004676915658053393
0.02,6,0.45833333333333326,15.20833333333332,oracle_rqmc,1024,-1.4235497481353464e-07,1.3524859628933579e-06,1.0930393795659616e-06,9.348478577580566e-07,2.9169878834642697e-06,3.407070354511087e-06,3.5649055062570616e-06
0.02,5,0.375,15.20833333333332,dml_ensemble,1022,-1.5532196199687714e-07,2.7276353712007778e-06,2.2187450888110058e-06,2.0117646235390908e-06,5.230258510440845e-06,6.326992308624849e-06,8.451509044707175e-06
0.02,5,0.375,15.20833333333332,mlp_ensemble,1022,-1.5532196199687684e-07,1.2712259105067342e-05,8.859530745674458e-06,6.2071126248095605e-06,2.7390123960953187e-05,4.2274533660577855e-05,8.452469748911165e-05
0.02,5,0.375,15.20833333333332,no_hedge,1022,-1.5532196199687798e-07,0.00029009056282972435,0.0002525844575914589,0.0002655033323624,0.00044938720047477294,0.00046481243521103685,0.0004743706982847859
0.02,5,0.375,15.20833333333332,oracle_rqmc,1022,-1.5532196199687724e-07,1.5231226861426808e-06,1.2598212744781807e-06,1.095848305799821e-06,3.211855154776376e-06,3.4730857677460306e-06,3.570169108444148e-06
0.02,4,0.29166666666666674,15.20833333333332,dml_ensemble,1024,-1.9961558733177488e-07,3.1196428316077273e-06,2.48341505139338e-06,2.083456371783452e-06,5.818945132376928e-06,7.847059466885649e-06,1.333027539665143e-05
0.02,4,0.29166666666666674,15.20833333333332,mlp_ensemble,1024,-1.9961558733177507e-07,1.3769600656241633e-05,1.1187451612819433e-05,9.730666669550375e-06,2.748824977714741e-05,3.4147357157951634e-05,4.379020230700566e-05
0.02,4,0.29166666666666674,15.20833333333332,no_hedge,1024,-1.9961558733177525e-07,0.0002983633585009832,0.00025378931327624114,0.0002624156660213984,0.000456777074641475,0.00046847803182867867,0.0004790276674528707
0.02,4,0.29166666666666674,15.20833333333332,oracle_rqmc,1024,-1.9961558733177483e-07,1.7753213609620828e-06,1.4983104743875267e-06,1.3244116830135014e-06,3.3399262202795605e-06,3.5183169471717796e-06,3.6500250614207737e-06
0.02,3,0.20833333333333326,15.20833333333332,dml_ensemble,1024,-1.5172345462330687e-07,3.011656714718317e-06,2.48448168081326e-06,2.2624261059417463e-06,5.350941173650602e-06,6.935818911624576e-06,1.1814154996484146e-05
0.02,3,0.20833333333333326,15.20833333333332,mlp_ensemble,1024,-1.517234546233066e-07,2.010162703381666e-05,1.4887970509515212e-05,1.1142180981025342e-05,4.3012405939997885e-05,5.841983299754547e-05,9.42361381784609e-05
0.02,3,0.20833333333333326,15.20833333333332,no_hedge,1024,-1.5172345462331833e-07,0.0003064829126087029,0.0002572426189105258,0.00028422124068163334,0.00046103517563554907,0.0004701258547813542,0.0004755742758200121
0.02,3,0.20833333333333326,15.20833333333332,oracle_rqmc,1024,-1.5172345462330684e-07,1.9914160476470074e-06,1.6884663048080942e-06,1.6206748891503986e-06,3.44459578652438e-06,3.5522144398143756e-06,3.6240557057328642e-06
0.02,2,0.125,15.20833333333332,dml_ensemble,1024,-1.4346571159794338e-07,3.287371492387312e-06,2.5422297899922715e-06,1.7891389364880868e-06,6.453800755473971e-06,7.604524394630072e-06,1.3657657421482035e-05
0.02,2,0.125,15.20833333333332,mlp_ensemble,1024,-1.4346571159794327e-07,2.114726256246861e-05,1.532278367846518e-05,1.0754907845298278e-05,4.4692361893705336e-05,6.450734656676476e-05,0.00011395689465253529
0.02,2,0.125,15.20833333333332,no_hedge,1024,-1.4346571159793645e-07,0.0003102142854681367,0.00025125799828421474,0.000274514660492308,0.00046531186941581207,0.0004726009838371101,0.0004832607630178634
0.02,2,0.125,15.20833333333332,oracle_rqmc,1024,-1.4346571159794333e-07,2.316468631503048e-06,1.981892632064016e-06,2.2276683220355347e-06,3.5140287433643067e-06,3.596493624062243e-06,3.642032813220582e-06
0.02,1,0.060000000000000005,8.51666666666666,dml_ensemble,1024,-6.074549634304145e-07,2.310520392505226e-06,1.793577120925825e-06,1.308603045725784e-06,4.590804810492157e-06,5.1350190926362185e-06,1.5621730014569768e-05
0.02,1,0.060000000000000005,8.51666666666666,mlp_ensemble,1024,-6.07454963430414e-07,1.7544773815207878e-05,1.211679964847385e-05,9.355994007327248e-06,3.313194792438093e-05,7.388841640881256e-05,0.0001097829729845523
0.02,1,0.060000000000000005,8.51666666666666,no_hedge,1024,-6.074549634304104e-07,0.00016267714229300888,0.00012752195707105735,0.00014127789648875257,0.00023868640455987477,0.00024111954123207173,0.00024353194387884136
0.02,1,0.060000000000000005,8.51666666666666,oracle_rqmc,1024,-6.074549634304146e-07,1.2744268818637562e-06,9.911599704734317e-07,8.225501795583245e-07,2.053069804565075e-06,2.0789103093017247e-06,2.100277342832372e-06
