block_id,shock_size,strategy,n_observations,mean_residual,rmse,mae,median_abs,p95_abs,p99_abs,max_abs,rmse_improvement_vs_nohedge_pct,mae_improvement_vs_nohedge_pct,physical_seed,valid_local_states
1,0.005,dml_ensemble,3072,-1.7918708349339528e-08,5.054992416029139e-07,3.9111681033182324e-07,3.168688552436775e-07,9.417633621022702e-07,1.3978271271587348e-06,3.518655070880389e-06,99.26415398583728,99.35560195971877,9101,1536
1,0.005,mlp_ensemble,3072,-1.791870834933868e-08,3.6159271156499747e-06,2.3356365599637967e-06,1.5702179156713944e-06,6.841403303832223e-06,1.3552794293222188e-05,2.7825310719083898e-05,94.73636093475287,96.15184113213408,9101,1536
1,0.005,no_hedge,3072,-1.7918708350009346e-08,6.869633481375887e-05,6.069490995986554e-05,6.04115680305729e-05,0.00011264818313614523,0.0001164056785809986,0.00012015127781041593,0.0,0.0,9101,1536
1,0.005,oracle_rqmc,3072,-1.7918708349341272e-08,9.308661159832198e-08,7.01268275137635e-08,5.1660034136070276e-08,2.0591150537406246e-07,2.207059412200082e-07,2.6115689362508527e-07,99.8644955195198,99.88446011772628,9101,1536
1,0.01,dml_ensemble,3072,-7.515982138081513e-08,1.076845521613902e-06,8.288294232381268e-07,6.726847974606904e-07,2.0751967210649208e-06,2.995265087595438e-06,7.293784713951912e-06,99.2161979388892,99.31720805004025,9101,1536
1,0.01,mlp_ensemble,3072,-7.515982138081514e-08,7.239154259661627e-06,4.688710366074692e-06,3.1625366873753487e-06,1.3954720525669867e-05,2.7185749275620256e-05,5.60301511785461e-05,94.73084679693153,96.13742755277546,9101,1536
1,0.01,no_hedge,3072,-7.515982138081261e-08,0.00013738743173088893,0.00012138828281250192,0.00012072323742118914,0.00022542196423261417,0.00023310726632964782,0.00024068208536121016,0.0,0.0,9101,1536
1,0.01,oracle_rqmc,3072,-7.515982138081513e-08,3.6578556338789397e-07,2.735834526978926e-07,1.9519624629117053e-07,8.23125404279164e-07,8.814048531823396e-07,1.0133284470920865e-06,99.73375616766432,99.77462120201463,9101,1536
1,0.02,dml_ensemble,3072,-2.867814813408355e-07,2.45263157543135e-06,1.8883121132182018e-06,1.4808490296259804e-06,4.93292995972999e-06,6.505896969723417e-06,1.5621730014569768e-05,99.10760977443188,99.22238079386003,9101,1536
1,0.02,mlp_ensemble,3072,-2.86781481340835e-07,1.4516362995701304e-05,9.404203248149126e-06,6.271832353537397e-06,2.817256210807296e-05,5.45142157847199e-05,0.00011395689465253529,94.71821998137476,96.12728795572806,9101,1536
1,0.02,no_hedge,3072,-2.8678148134084167e-07,0.00027483846249771885,0.00024283249414473645,0.0002415904277393386,0.0004510283719369373,0.0004674505784031276,0.0004832607630178634,0.0,0.0,9101,1536
1,0.02,oracle_rqmc,3072,-2.867814813408356e-07,1.4406754670134995e-06,1.0698857089470997e-06,7.577700086519632e-07,3.2661071195832064e-06,3.5121041574060764e-06,3.6500250614207737e-06,99.47581009807699,99.5594141085956,9101,1536
2,0.005,dml_ensemble,3066,-1.100545918746042e-08,4.951617597252755e-07,3.8581311447718914e-07,3.1360776754061175e-07,9.753295117607976e-07,1.3525465400479997e-06,2.256358102725831e-06,99.26035897725495,99.34439758026312,9201,1533
2,0.005,mlp_ensemble,3066,-1.1005459187456755e-08,3.200472249317281e-06,2.1742130804257576e-06,1.4715694897674298e-06,6.592102546339303e-06,1.1144956862602337e-05,2.31099001507436e-05,95.21933889025365,96.30541497148876,9201,1533
2,0.005,no_hedge,3066,-1.1005459188118612e-08,6.6946227223521e-05,5.884864101508771e-05,6.036590643998009e-05,0.00011090001174207144,0.0001160902401556807,0.00011813408711950496,0.0,0.0,9201,1533
2,0.005,oracle_rqmc,3066,-1.1005459187461976e-08,8.629827810866072e-08,6.564876353731888e-08,4.937996893074529e-08,1.9248732754469612e-07,2.194515762443353e-07,2.6497503198810095e-07,99.87109314193236,99.88844472462756,9201,1533
2,0.01,dml_ensemble,3066,-4.383128149770322e-08,1.0329319386205928e-06,8.12414597796898e-07,6.71721894905481e-07,2.044719380404558e-06,2.8521842250663365e-06,4.684784597408715e-06,99.22853077431779,99.30977738839952,9201,1533
2,0.01,mlp_ensemble,3066,-4.3831281497703025e-08,6.414128257520746e-06,4.372097199176927e-06,3.011431354570605e-06,1.319240074424539e-05,2.2512867865311077e-05,4.562963706799026e-05,95.2094592342027,96.28549221644897,9201,1533
2,0.01,no_hedge,3066,-4.383128149769961e-08,0.00013389152855801316,0.0001177032719796123,0.0001206317416433747,0.0002216818131586095,0.00023229562107562448,0.00023671932963072184,0.0,0.0,9201,1533
2,0.01,oracle_rqmc,3066,-4.3831281497703183e-08,3.354176686439428e-07,2.5436270704390953e-07,1.9173835043074822e-07,7.461864357680443e-07,8.705411591896679e-07,9.078762382216937e-07,99.74948551842202,99.78389495655823,9201,1533
2,0.02,dml_ensemble,3066,-1.6640660982902905e-07,2.363064393873516e-06,1.8339622474110938e-06,1.4427965879444421e-06,4.860228640921941e-06,6.559406380637029e-06,1.1138479274703096e-05,99.1172800611614,99.2206702169943,9201,1533
2,0.02,mlp_ensemble,3066,-1.6640660982902905e-07,1.291050225355279e-05,8.821395031301218e-06,6.153436807907858e-06,2.6721743665948792e-05,4.630391845636395e-05,9.317675567516463e-05,95.17729699233841,96.25140818178978,9201,1533
2,0.02,no_hedge,3066,-1.664066098290239e-07,0.0002677026189056743,0.00023532556914967163,0.00024106788792681213,0.00044276280317526173,0.00046482939272069255,0.0004752099379423738,0.0,0.0,9201,1533
2,0.02,oracle_rqmc,3066,-1.6640660982902905e-07,1.3268658297171792e-06,9.983769044867537e-07,7.504152501573708e-07,2.9926741407457574e-06,3.48716146363775e-06,3.6206478748413633e-06,99.50435082213944,99.57574652508255,9201,1533
3,0.005,dml_ensemble,3070,-8.320156290184754e-09,4.991588535850383e-07,3.965495753774036e-07,3.321855042668712e-07,9.66143213915615e-07,1.3204172502552686e-06,1.822801542308638e-06,99.24816245457485,99.32167941665499,9301,1535
3,0.005,mlp_ensemble,3070,-8.32015629017941e-09,3.286399233848065e-06,2.245913420651554e-06,1.5777440532801762e-06,6.521027668002053e-06,1.1159394157164033e-05,2.807543239902119e-05,95.04999597719754,96.15823746579771,9301,1535
3,0.005,no_hedge,3070,-8.320156290828472e-09,6.639184975828478e-05,5.846049568802652e-05,5.9794347451114054e-05,0.00011066551282750794,0.00011519303988922556,0.00011822992411664873,0.0,0.0,9301,1535
3,0.005,oracle_rqmc,3070,-8.320156290186345e-09,8.736672168163174e-08,6.569495766359443e-08,4.889480159442714e-08,1.9658475448124412e-07,2.1882576403552686e-07,3.02847849356662e-07,99.86840745965098,99.88762504167913,9301,1535
3,0.01,dml_ensemble,3070,-3.22662392437055e-08,1.0462829265278599e-06,8.220418186305414e-07,6.709242035468957e-07,2.071734819087396e-06,2.7605924528110984e-06,4.307136773091386e-06,99.21193659654617,99.29681398593308,9301,1535
3,0.01,mlp_ensemble,3070,-3.226623924370541e-08,6.589012943436962e-06,4.509755174593483e-06,3.1946653098727492e-06,1.3212920028707537e-05,2.2536087447285916e-05,5.581569270970986e-05,95.03713590850799,96.1422926501196,9301,1535
3,0.01,no_hedge,3070,-3.2266239243702376e-08,0.00013276633858929816,0.00011690246992772248,0.00011967348839132287,0.00022148611524363155,0.00023057066946694882,0.00023671174767226494,0.0,0.0,9301,1535
3,0.01,oracle_rqmc,3070,-3.226623924370551e-08,3.3750992258884586e-07,2.524331868286631e-07,1.8912742883580848e-07,7.600826337644992e-07,8.688011846576062e-07,9.953978455129356e-07,99.74578652527813,99.78406513824324,9301,1535
3,0.02,dml_ensemble,3070,-1.367205135960386e-07,2.36608635394377e-06,1.8507446183333356e-06,1.464420898005068e-06,4.795343117942988e-06,6.233874880319683e-06,8.451509044707175e-06,99.1089999348889,99.20851505027298,9301,1535
3,0.02,mlp_ensemble,3070,-1.3672051359603843e-07,1.3237275970913604e-05,9.039045893172684e-06,6.368103192767337e-06,2.6418944688392955e-05,4.5725441505276274e-05,0.00011213537844142441,95.01522261335951,96.1343835808202,9301,1535
3,0.02,no_hedge,3070,-1.367205135960466e-07,0.0002655540046059082,0.00023383194070482983,0.00023940004058326837,0.0004428922547210658,0.00046184478519409094,0.00047553507363414654,0.0,0.0,9301,1535
3,0.02,oracle_rqmc,3070,-1.3672051359603859e-07,1.3138659011475645e-06,9.745641629706874e-07,6.993046474059294e-07,2.98032559670598e-06,3.4482659598666176e-06,3.596599697584964e-06,99.50523589237625,99.58322025638024,9301,1535
4,0.005,dml_ensemble,3072,-1.4174340028165044e-08,5.111178536414994e-07,4.003923790868795e-07,3.346543195787407e-07,9.755773777897464e-07,1.3691566062644637e-06,2.7651784678444844e-06,99.25821520110648,99.35465885552205,9401,1536
4,0.005,mlp_ensemble,3072,-1.4174340028163329e-08,3.2319447900708738e-06,2.198617078814026e-06,1.508156555707715e-06,6.840745748152813e-06,1.1653030047777997e-05,2.3548444094914202e-05,95.30948195400113,96.45633099924025,9401,1536
4,0.005,no_hedge,3072,-1.4174340028847237e-08,6.890379182802191e-05,6.204352264115662e-05,6.153392690055187e-05,0.00011210795758905578,0.0001157862656617346,0.00011822493322047323,0.0,0.0,9401,1536
4,0.005,oracle_rqmc,3072,-1.4174340028166786e-08,9.124139514214528e-08,6.958866801372517e-08,5.227278776543824e-08,2.050378623810625e-07,2.2092137264516326e-07,3.0946512841353407e-07,99.86758146000169,99.88783894748175,9401,1536
4,0.01,dml_ensemble,3072,-4.959085692785645e-08,1.0765945083491052e-06,8.44356196514979e-07,6.78030486927208e-07,2.0989332693468966e-06,2.9125436377509356e-06,5.9614330472569546e-06,99.21887401921607,99.31964933875868,9401,1536
4,0.01,mlp_ensemble,3072,-4.959085692785637e-08,6.4758714902446255e-06,4.406269893615279e-06,3.0200085517618054e-06,1.3662451547567628e-05,2.3407489627845993e-05,4.657517789505251e-05,95.30141438580726,96.4495924254454,9401,1536
4,0.01,no_hedge,3072,-4.9590856927857424e-08,0.0001378259761976738,0.00012410603011312152,0.00012291108707481683,0.00022420527698435272,0.0002316438338427716,0.00023689982741213755,0.0,0.0,9401,1536
4,0.01,oracle_rqmc,3072,-4.9590856927856524e-08,3.568732133764195e-07,2.692158240087711e-07,1.9675117346600892e-07,8.07553286266629e-07,8.765668258018804e-07,1.0433240719290245e-06,99.74106970019602,99.78307595226164,9401,1536
4,0.02,dml_ensemble,3072,-2.0114425060898545e-07,2.480615416957899e-06,1.930667874386273e-06,1.5169987304799537e-06,4.953470365290915e-06,6.772664495004132e-06,1.3657657421482035e-05,99.09994759891474,99.22197346626915,9401,1536
4,0.02,mlp_ensemble,3072,-2.0114425060898545e-07,1.2984238354914786e-05,8.857584307920655e-06,6.116686741155881e-06,2.7541789799448328e-05,4.7152095202950095e-05,9.42361381784609e-05,95.28887274193596,96.4305431774427,9401,1536
4,0.02,no_hedge,3072,-2.0114425060898466e-07,0.00027560788838148397,0.00024814936132424556,0.0002459627436277919,0.00044762154016053326,0.00046369635330529576,0.0004755742758200121,0.0,0.0,9401,1536
4,0.02,oracle_rqmc,3072,-2.0114425060898543e-07,1.4093213961916576e-06,1.0603381699278269e-06,7.846427176038133e-07,3.206467699085287e-06,3.505802276058611e-06,3.642032813220582e-06,99.4886498334761,99.57270163248887,9401,1536
