SMM-A10-24G-单卡-全国-包月-零售(元/卡·时),,,,SMM-910B-64G-整机-全国-包月-零售(元/卡·时),,,,SMM-910B-64G-整机-西部-包月(元/卡·时),,,,SMM-910B-64G-整机-成渝-包月(元/卡·时),,,,SMM-910B-64G-整机-京津冀-包月(元/卡·时),,,,SMM-PRO6000-96G-单卡-全国-短期-零售(元/卡·时),,,,SMM-A100-40G-单卡-全国-包月-零售(元/卡·时),,,,SMM-A100-40G-单卡-全国-短期-零售(元/卡·时),,,,SMM-A100-40G-整机-全国-包月-零售(元/卡·时),,,,SMM-A100-40G-整机-成渝-包月(元/卡·时),,,,SMM-A100-80G-整机-全国-包月-零售(元/卡·时),,,,SMM-A100-80G-整机-成渝-包月(元/卡·时),,,,SMM-A100-80G-整机-京津冀-包月(元/卡·时),,,,SMM-A100-80G-整机-珠三角-包月(元/卡·时),,,,SMM-A100-80G-单卡-全国-包月-零售(元/卡·时),,,,SMM-A100-80G-单卡-全国-短期-零售(元/卡·时),,,,SMM-A100-80G-整机-长三角-包月(元/卡·时),,,,SMM-A800-80G-整机-全国-包月-零售(元/卡·时),,,,SMM-A800-80G-整机-成渝-包月(元/卡·时),,,,SMM-A800-80G-单卡-全国-包月-零售(元/卡·时),,,,SMM-A800-80G-单卡-全国-短期-零售(元/卡·时),,,,SMM-A800-80G-整机-京津冀-包月(元/卡·时),,,,SMM-A800-40G-整机-长三角-包月(元/卡·时),,,,SMM-A800-80G-整机-长三角-短期-零售(元/卡·时),,,,SMM-A800-80G-整机-全国-短期-零售(元/卡·时),,,,SMM-A800-80G-整机-长三角-包月(元/卡·时),,,,SMM-H20-96G-单卡-全国-短期-零售(元/卡·时),,,,SMM-H20-141G-整机-成渝-包月(元/卡·时),,,,SMM-H20-96G-整机-京津冀-包月(元/卡·时),,,,SMM-H100-80G-单卡-全国-短期-零售(元/卡·时),,,,SMM-H100-80G-整机-长三角-包月(元/卡·时),,,,SMM-H100-80G-整机-西部-包月(元/卡·时),,,,SMM-H800-80G-单卡-全国-短期-零售(元/卡·时),,,,SMM-H800-80G-整机-京津冀-包月(元/卡·时),,,,,SMM-5090-32G-单卡-全国-包月-零售(元/卡·时),,,SMM-5090-32G-单卡-全国-短期-零售(元/卡·时),,,,SMM-5090-32G-整机-珠三角-短期-零售(元/卡·时),,,,SMM-5090-32G-单卡-西部-短期-零售(元/卡·时),,,,SMM-5090-32G-整机-全国-包月-零售(元/卡·时),,,,SMM-5090-32G-单卡-京津冀-短期-零售(元/卡·时),,,,SMM-5090-32G-整机-全国-短期-零售(元/卡·时),,,,SMM-4090D-24G-单卡-全国-短期-零售(元/卡·时),,,,SMM-4090-48G-单卡-长三角-短期-零售(元/卡·时),,,,SMM-4090-48G-整机-西部-短期-零售(元/卡·时),,,,SMM-4090-24G-单卡-西部-包月-零售(元/卡·时),,,,SMM-4090-24G-整机-西部-包月-零售(元/卡·时),,,,SMM-4090-24G-单卡-西部-短期-零售(元/卡·时),,,,SMM-4090-24G-整机-全国-短期-零售(元/卡·时),,,,SMM-4090-24G-单卡-成渝-短期-零售(元/卡·时),,,,SMM-4090-24G-单卡-全国-包月-零售(元/卡·时),,,,SMM-4090-24G-整机-全国-包月-零售(元/卡·时),,,,SMM-4090-24G-单卡-京津冀-短期-零售(元/卡·时),,,,SMM-4090-24G-单卡-全国-短期-零售(元/卡·时),,,,SMM-4090-24G-整机-珠三角-包月(元/卡·时),,,,SMM-4090-24G-单卡-长三角-短期-零售(元/卡·时),,,,SMM-4090-24G-整机-西部-短期-零售(元/卡·时),,,,SMM-4090-24G-整机-长三角-包月(元/卡·时),,,,
最低价,最高价,日均价,涨跌,最低价,最高价,日均价,涨跌,最低价,最高价,日均价,涨跌,最低价,最高价,日均价,涨跌,最低价,最高价,日均价,涨跌,最低价,最高价,日均价,涨跌,最低价,最高价,日均价,涨跌,最低价,最高价,日均价,涨跌,最低价,最高价,日均价,涨跌,最低价,最高价,日均价,涨跌,最低价,最高价,日均价,涨跌,最低价,最高价,日均价,涨跌,最低价,最高价,日均价,涨跌,最低价,最高价,日均价,涨跌,最低价,最高价,日均价,涨跌,最低价,最高价,日均价,涨跌,最低价,最高价,日均价,涨跌,最低价,最高价,日均价,涨跌,最低价,最高价,日均价,涨跌,最低价,最高价,日均价,涨跌,最低价,最高价,日均价,涨跌,最低价,最高价,日均价,涨跌,最低价,最高价,日均价,涨跌,最低价,最高价,日均价,涨跌,最低价,最高价,日均价,涨跌,最低价,最高价,日均价,涨跌,最低价,最高价,日均价,涨跌,最低价,最高价,日均价,涨跌,最低价,最高价,日均价,涨跌,最低价,最高价,日均价,涨跌,最低价,最高价,日均价,涨跌,最低价,最高价,日均价,涨跌,最低价,最高价,日均价,涨跌,最低价,最高价,日均价,涨跌,最低价,最高价,日均价,涨跌,最低价,最高价,日均价,涨跌,最低价,最高价,日均价,涨跌,最低价,最高价,日均价,涨跌,最低价,最高价,日均价,涨跌,最低价,最高价,日均价,涨跌,最低价,最高价,日均价,涨跌,最低价,最高价,日均价,涨跌,最低价,最高价,日均价,涨跌,最低价,最高价,日均价,涨跌,最低价,最高价,日均价,涨跌,最低价,最高价,日均价,涨跌,最低价,最高价,日均价,涨跌,最低价,最高价,日均价,涨跌,最低价,最高价,日均价,涨跌,最低价,最高价,日均价,涨跌,最低价,最高价,日均价,涨跌,最低价,最高价,日均价,涨跌,最低价,最高价,日均价,涨跌,最低价,最高价,日均价,涨跌,最低价,最高价,日均价,涨跌,最低价,最高价,日均价,涨跌,最低价,最高价,日均价,涨跌,最低价
总均价,4.08,6.18,5.7,-,3.41,33.1,5.27,-,1.95,3.04,2.5,-,3.22,3.65,3.43,-,2.98,3.82,3.4,-,5.83,7.97,6.14,-,2.21,12.53,3.41,-,2.48,3.49,3.06,-,2.23,13,3.19,-,2.08,2.08,2.08,-,4.65,12.44,5.85,-,6.21,6.6,6.41,-,5.03,5.63,5.33,-,5.47,5.79,5.63,-,5.57,12.26,8.64,-,6.61,16.07,7.73,-,5.31,6.57,5.94,-,4.8,6.76,5.92,-,6.08,6.08,6.08,-,4,7,5.25,-,4.74,7.52,6.09,-,5.53,5.73,5.63,-,2.65,3.17,2.91,-,6.23,6.77,6.49,-,6.07,7.19,6.56,-,5.21,5.21,5.21,-,6.19,7.98,7.18,-,7.29,8.08,7.7,-,6.77,7.29,7.03,-,11.98,17.74,15.3,-,13.12,13.56,13.33,-,12.68,13.38,13.03,-,8.69,22.89,12.91,-,12.09,12.8,12.45,-,2.08,3.46,2.43,-,2.29,3.3,2.9,-,2.39,2.56,2.48,-,2.56,4.26,2.93,-,1.98,3.46,2.44,-,2.56,3.04,2.89,-,2.2,4.09,2.81,-,1.75,1.98,1.83,-,2.2,3.42,2.57,-,2.45,2.98,2.64,-,1.39,2.2,1.62,-,1.21,2.14,1.66,-,1.73,2.2,1.91,-,1.49,3.57,1.94,-,1.93,2.85,2.04,-,1.47,2.17,1.66,-,1.37,2.21,1.66,-,1.55,2.29,1.98,-,1.4,2.22,1.92,-,1.24,1.36,1.3,-,1.27,1.91,1.63,-,1.76,3.91,2.05,-,1.21,1.28,1.25,-
2026-08-26,4.08,6.18,5.7,0,3.39,33.68,5.5,0,1.74,3.04,2.39,0,2.88,3.65,3.26,0,2.95,3.82,3.39,0,5.83,7.97,6.04,0,2.21,12.73,2.22,-0.79,2.38,3.45,2.8,-0.28,2.07,13.2,3.21,0,2.08,2.08,2.08,0,4.65,12.04,5.73,0,6.25,6.6,6.43,0,5.03,6.08,5.56,0,5.38,5.56,5.47,0,5.56,12.04,8.96,0,6.98,16.16,8,0,5.9,6.6,6.25,0,5.03,6.94,5.89,-0.23,6.08,6.08,6.08,0,4,7,5.28,-0.74,4.68,7.69,5.83,-0.38,5.38,5.73,5.56,0,2.6,3.47,3.04,0,6.08,6.8,6.4,-0.26,6.08,7.19,6.66,-0.14,5.21,5.21,5.21,0,6.2,7.98,7.2,0,7.29,8.51,7.9,0,6.77,7.29,7.03,0,11.98,17.88,15.29,0,13.54,14.24,13.89,0,12.85,13.8,13.32,0,8.69,25,12,0,11.89,12.85,12.37,0,2.08,3.47,2.45,0,2.14,3.32,2.86,0.03,2.38,2.5,2.45,0,2.56,4.5,2.93,0,2,3.47,2.6,0.23,2.56,3.04,2.89,0,2.24,4.5,2.98,0.63,1.75,1.98,1.79,0,2.2,3.42,2.53,0,2.78,2.99,2.84,0.28,1.28,2.08,1.6,0,1.35,2.08,1.67,0,1.69,2.21,1.88,0,1.49,2.95,1.88,0,1.93,2.86,2.04,0,1.46,2.1,1.69,0,1.35,2.27,1.75,0,1.2,2.29,1.98,0,1.35,2.21,1.88,-0.01,1.25,1.32,1.27,0,1.35,1.89,1.65,0,1.72,3.95,1.88,0,1.25,1.3,1.28,0
2026-08-25,4.08,6.18,5.7,0,3.39,33.68,5.5,0,1.74,3.04,2.39,0,2.88,3.65,3.26,0,2.95,3.82,3.39,0,5.83,7.97,6.04,0,2.21,12.73,3.01,0,2.38,3.45,3.08,0,2.07,13.2,3.21,0,2.08,2.08,2.08,0,4.65,12.04,5.73,0,6.25,6.6,6.43,0,5.03,6.08,5.56,0,5.38,5.56,5.47,0,5.56,12.04,8.96,0,6.98,16.16,8,0,5.9,6.6,6.25,0,4.51,6.94,6.12,0.23,6.08,6.08,6.08,0,4,7,6.02,0,4.68,7.36,6.21,0,5.38,5.73,5.56,0,2.6,3.47,3.04,0,6.46,6.8,6.66,0.26,6.46,7.52,6.8,0.14,5.21,5.21,5.21,0,6.2,7.98,7.2,0,7.29,8.51,7.9,0,6.77,7.29,7.03,0,11.98,17.88,15.29,0,13.54,14.24,13.89,0.09,12.85,13.8,13.32,0,8.69,25,12,0,11.89,12.85,12.37,0,2.08,3.47,2.45,0,2.2,3.32,2.83,-0.03,2.38,2.5,2.45,0,2.56,4.5,2.93,0,1.78,3.47,2.37,-0.23,2.56,3.04,2.89,0,1.88,4.5,2.35,-0.63,1.75,1.98,1.79,0,2.2,3.42,2.53,0,2.29,2.99,2.56,0,1.28,2.08,1.6,0,1.35,2.08,1.67,0,1.7,2.21,1.88,0,1.49,2.95,1.88,0,1.93,2.86,2.04,0,1.46,2.1,1.69,0,1.35,2.27,1.75,0.08,1.2,2.29,1.98,0,1.35,2.21,1.89,0,1.25,1.32,1.27,0,1.35,1.89,1.65,-0.06,1.72,3.95,1.88,0,1.25,1.3,1.28,0
2026-08-24,4.08,6.18,5.7,0,3.39,33.68,5.5,0,1.74,3.04,2.39,0,2.88,3.65,3.26,0,2.95,3.82,3.39,0,5.83,7.97,6.04,0,2.21,12.73,3.01,0.79,2.38,3.45,3.08,0.28,2.07,13.2,3.21,0.61,2.08,2.08,2.08,0,4.65,12.04,5.73,0,6.25,6.6,6.43,0,5.03,6.08,5.56,0,5.38,5.56,5.47,0,5.56,12.04,8.96,0,6.98,16.16,8,0,5.9,6.6,6.25,0,5.03,6.94,5.89,0,6.08,6.08,6.08,0,4,7,6.02,0,4.68,7.36,6.21,0,5.38,5.73,5.56,0,2.6,3.47,3.04,0,6.08,6.8,6.4,0,6.08,7.19,6.66,0,5.21,5.21,5.21,0,6.2,7.98,7.2,0,7.29,8.51,7.9,0,6.77,7.29,7.03,0,11.98,17.88,15.29,0,13.54,14.06,13.8,0,12.85,13.8,13.32,0,8.69,25,12,0,11.89,12.85,12.37,0,2.08,3.47,2.45,0,2.14,3.32,2.86,0,2.38,2.5,2.45,0,2.56,4.5,2.93,0,2,3.47,2.6,0,2.56,3.04,2.89,0,2.24,4.5,2.98,0,1.75,1.98,1.79,0,2.2,3.42,2.53,0,2.37,2.99,2.56,0,1.28,2.08,1.6,0,1.35,2.08,1.67,0,1.7,2.21,1.88,0,1.49,2.95,1.88,0,1.93,2.86,2.04,0,1.46,2.1,1.69,0,1.35,2.27,1.67,0,1.2,2.29,1.98,0,1.38,2.21,1.89,0.01,1.25,1.32,1.27,-0.02,1.35,2,1.71,0,1.72,3.95,1.88,0,1.25,1.3,1.28,0
2026-08-21,4.08,6.18,5.7,0,3.39,33.68,5.5,0,1.74,3.04,2.39,0,2.88,3.65,3.26,0,2.95,3.82,3.39,0,5.83,7.97,6.04,0,2.21,12.73,2.22,-0.79,2.38,3.45,2.8,-0.31,2.07,13.2,2.6,-0.61,2.08,2.08,2.08,0,4.65,12.04,5.73,0,6.25,6.6,6.43,0,5.03,6.08,5.56,0,5.38,5.56,5.47,0,5.56,12.04,8.96,0,6.98,16.16,8,0,5.9,6.6,6.25,0,5.03,6.94,5.89,-0.23,6.08,6.08,6.08,0,4,7,6.02,0.74,4.68,7.36,6.21,0.38,5.38,5.73,5.56,0,2.6,3.47,3.04,0,6.08,6.8,6.4,-0.26,6.08,7.19,6.66,0,5.21,5.21,5.21,0,6.2,7.98,7.2,0,7.29,8.51,7.9,0,6.77,7.29,7.03,0,11.98,17.88,15.29,0,13.54,14.06,13.8,0,12.85,13.8,13.32,0,8.69,25,12,0,11.89,12.85,12.37,0,2.08,3.47,2.45,0,2.14,3.32,2.86,-0.03,2.38,2.5,2.45,0,2.56,4.5,2.93,0,2,3.47,2.6,0.3,2.56,3.04,2.89,0,2.24,4.5,2.98,0.48,1.75,1.98,1.79,0,2.2,3.42,2.53,0,2.29,2.99,2.56,0,1.28,2.08,1.6,0,1.35,2.08,1.67,0,1.69,2.21,1.88,0,1.48,3.6,1.88,0.07,1.93,2.86,2.04,0,1.46,2.1,1.69,0.03,1.35,2.16,1.67,0.08,1.2,2.29,1.98,0,1.36,2.21,1.88,0,1.27,1.32,1.29,0,1.35,2,1.71,0,1.72,3.95,1.88,0,1.25,1.3,1.28,0
2026-08-20,4.08,6.18,5.7,0,3.39,33.68,5.5,0,1.74,3.04,2.39,0,2.88,3.65,3.26,0,2.95,3.82,3.39,0,5.83,7.97,6.04,0,2.21,12.73,3.01,-0.06,2.52,3.45,3.11,0,2.07,13.2,3.21,0,2.08,2.08,2.08,0,4.65,12.04,5.73,0,6.25,6.6,6.43,0,5.03,6.08,5.56,0,5.38,5.56,5.47,0,5.56,12.04,8.96,0,6.98,16.16,8,0.15,5.9,6.6,6.25,-0.13,4.51,6.94,6.12,0,6.08,6.08,6.08,0,4,7,5.28,0,4.68,7.69,5.83,0,5.38,5.73,5.56,0,2.6,3.47,3.04,0,6.46,6.8,6.66,0,6.06,7.52,6.66,0,5.21,5.21,5.21,0,6.2,7.98,7.2,0,7.29,8.51,7.9,0,6.77,7.29,7.03,0,11.98,17.88,15.29,0,13.54,14.06,13.8,0,12.85,13.8,13.32,-0.13,8.69,25,12,0,11.89,12.85,12.37,0,2.08,3.47,2.45,0,2.21,3.32,2.89,0,2.38,2.5,2.45,0,2.56,4.5,2.93,0,1.78,3.47,2.3,-0.3,2.56,3.04,2.89,0,1.99,4.5,2.5,-0.94,1.75,1.98,1.79,0,2.2,3.42,2.53,0,2.29,2.99,2.56,0,1.28,2.08,1.6,0,1.35,2.08,1.67,0,1.69,2.21,1.88,0,1.49,3.6,1.81,0,1.93,2.86,2.04,0,1.46,2.08,1.66,0,1.35,2.09,1.59,0,1.2,2.29,1.98,0,1.38,2.21,1.88,0,1.27,1.32,1.29,0,1.35,2,1.71,0,1.72,3.95,1.88,0,1.25,1.3,1.28,0
2026-08-19,4.08,6.18,5.7,0,3.39,33.68,5.5,0,1.74,3.04,2.39,0,2.88,3.65,3.26,0,2.95,3.82,3.39,0,5.83,7.97,6.04,0,2.21,12.73,3.07,0.06,2.38,3.49,3.11,0,2.07,13.2,3.21,0,2.08,2.08,2.08,0,4.65,12.04,5.73,0,6.25,6.6,6.43,0,5.03,6.08,5.56,0,5.38,5.56,5.47,0,5.56,12.04,8.96,0,6.98,16.16,7.85,0,6.16,6.6,6.38,0,4.51,6.94,6.12,0.23,6.08,6.08,6.08,0,4,7,5.28,0,4.68,7.69,5.83,0,5.38,5.73,5.56,0,2.6,3.47,3.04,0,6.46,6.8,6.66,0.26,6.06,7.52,6.66,0.2,5.21,5.21,5.21,0,6.2,7.98,7.2,0,7.29,8.51,7.9,0,6.77,7.29,7.03,0,11.98,17.88,15.29,0,13.54,14.06,13.8,0,13.11,13.8,13.45,0,8.69,25,12,0,11.89,12.85,12.37,0,2.08,3.47,2.45,0,2.21,3.32,2.89,0,2.38,2.5,2.45,0,2.56,4.5,2.93,0,1.93,3.47,2.6,0,2.56,3.04,2.89,0,2.25,4.5,3.44,0,1.75,1.98,1.79,0,2.2,3.42,2.53,0,2.29,2.99,2.56,0,1.28,2.08,1.6,0,1.35,2.08,1.67,0,1.69,2.21,1.88,0,1.49,3.6,1.81,-0.04,1.93,2.86,2.04,0,1.46,2.08,1.66,0,1.35,2.09,1.59,-0.08,1.2,2.29,1.98,0,1.38,2.21,1.88,0,1.27,1.32,1.29,0,1.35,2,1.71,0.06,1.72,3.95,1.88,0,1.25,1.3,1.28,0
2026-08-18,4.08,6.18,5.7,0,3.39,33.68,5.5,0,1.74,3.04,2.39,0,2.88,3.65,3.26,0,2.95,3.82,3.39,0,5.83,7.97,6.04,0,2.21,12.73,3.01,0,2.52,3.45,3.11,0,2.07,13.2,3.21,0,2.08,2.08,2.08,0,4.65,12.04,5.73,0,6.25,6.6,6.43,0,5.03,6.08,5.56,0,5.38,5.56,5.47,0,5.56,12.04,8.96,0,6.68,16.16,7.85,0,6.16,6.6,6.38,0,5.03,6.94,5.89,0,6.08,6.08,6.08,0,4,7,5.28,0,4.68,7.69,5.83,0,5.38,5.73,5.56,0,2.6,3.47,3.04,0,6.08,6.8,6.4,0,6.06,6.99,6.46,0,5.21,5.21,5.21,0,6.2,7.98,7.2,0,7.29,8.51,7.9,0,6.77,7.29,7.03,0,11.98,17.88,15.29,0,13.54,14.06,13.8,0,13.11,13.8,13.45,0.21,8.69,25,12,0,11.89,12.85,12.37,0,2.08,3.47,2.45,0,2.21,3.32,2.89,0,2.38,2.5,2.45,0,2.56,4.5,2.93,0,1.93,3.47,2.6,0.3,2.56,3.04,2.89,0,2.25,4.5,3.44,0.46,1.75,1.98,1.79,0,2.2,3.42,2.53,0,2.29,2.99,2.56,0,1.28,2.08,1.6,0,1.35,2.08,1.67,0,1.69,2.21,1.88,0,1.49,3.6,1.85,0,1.93,2.86,2.04,0,1.46,2.08,1.66,0,1.35,2.16,1.67,0,1.2,2.29,1.98,0,1.38,2.21,1.88,0,1.27,1.32,1.29,0,1.24,1.89,1.65,-0.06,1.72,3.95,1.88,0,1.25,1.3,1.28,0
2026-08-17,4.08,6.18,5.7,0,3.39,33.68,5.5,0,1.74,3.04,2.39,0,2.88,3.65,3.26,0,2.95,3.82,3.39,0,5.83,7.97,6.04,0,2.21,12.73,3.01,-0.06,2.52,3.45,3.11,0,2.07,13.2,3.21,0,2.08,2.08,2.08,0,4.65,12.04,5.73,0,6.25,6.6,6.43,0,5.03,6.08,5.56,0,5.38,5.56,5.47,0,5.56,12.04,8.96,0,6.68,16.16,7.85,0,6.16,6.6,6.38,0,5.03,6.94,5.89,0,6.08,6.08,6.08,0,4,7,5.28,-0.39,4.68,7.69,5.83,-0.4,5.38,5.73,5.56,0,2.6,3.47,3.04,0,6.08,6.8,6.4,0,6.06,6.99,6.46,0,5.21,5.21,5.21,0,6.2,7.98,7.2,0,7.29,8.51,7.9,0,6.77,7.29,7.03,0,11.98,17.88,15.29,0,13.54,14.06,13.8,0,12.67,13.8,13.24,0,8.69,25,12,0,11.89,12.85,12.37,0,2.08,3.47,2.45,0,2.21,3.32,2.89,0,2.38,2.5,2.45,0,2.56,4.5,2.93,0,2,3.47,2.3,-0.3,2.56,3.04,2.89,0,2.35,4.5,2.98,-0.46,1.75,1.98,1.79,0,2.2,3.42,2.53,0,2.29,2.99,2.56,0,1.28,2.08,1.6,0,1.35,2.08,1.67,0,1.69,2.21,1.88,0,1.49,3.6,1.85,-0.03,1.93,2.86,2.04,0,1.46,2.08,1.66,0,1.35,2.16,1.67,0.02,1.2,2.29,1.98,0,1.38,2.21,1.88,0,1.27,1.32,1.29,-0.02,1.35,2,1.71,0.06,1.72,3.95,1.88,0,1.25,1.3,1.28,0
2026-08-14,4.08,6.18,5.7,0,3.39,33.68,5.5,0,1.74,3.04,2.39,0,2.88,3.65,3.26,0,2.95,3.82,3.39,0,5.83,7.97,6.04,0,2.21,12.73,3.07,0,2.38,3.49,3.11,0,2.07,13.2,3.21,0,2.08,2.08,2.08,0,4.65,12.04,5.73,0,6.25,6.6,6.43,0,5.03,6.08,5.56,0,5.38,5.56,5.47,0,5.56,12.04,8.96,0,6.68,16.16,7.85,0,6.16,6.6,6.38,0,5.03,6.94,5.89,0,6.08,6.08,6.08,0,4,7,5.67,0.39,4.76,7.2,6.23,0.4,5.38,5.73,5.56,0,2.6,3.47,3.04,0,6.08,6.8,6.4,0,6.06,6.99,6.46,0,5.21,5.21,5.21,0,6.2,7.98,7.2,0,7.29,8.51,7.9,0,6.77,7.29,7.03,0,11.98,17.88,15.29,0,13.54,14.06,13.8,0,12.67,13.8,13.24,0,8.69,25,12,0,11.89,12.85,12.37,0,2.08,3.47,2.45,0,2.21,3.32,2.89,0,2.38,2.5,2.45,0,2.56,4.5,2.93,0,2.08,3.47,2.6,0,2.56,3.04,2.89,0,2.25,4.5,3.44,0,1.75,1.98,1.79,0,2.2,3.42,2.53,0,2.29,2.99,2.56,0,1.28,2.08,1.6,0,1.35,2.08,1.67,0.02,1.69,2.21,1.88,0,1.55,3.6,1.88,0,1.93,2.86,2.04,0,1.46,2.08,1.66,0,1.35,2.27,1.65,0.06,1.2,2.29,1.98,0,1.38,2.21,1.88,0,1.3,1.32,1.31,0,1.24,1.89,1.65,-0.06,1.72,3.95,1.88,0,1.25,1.3,1.28,0
2026-08-13,4.08,6.18,5.7,0,3.39,33.68,5.5,0,1.74,3.04,2.39,0,2.88,3.65,3.26,0,2.95,3.82,3.39,0,5.83,7.97,6.04,0,2.21,12.73,3.07,0,2.38,3.49,3.11,0,2.07,13.2,3.21,0,2.08,2.08,2.08,0,4.65,12.04,5.73,0,6.25,6.6,6.43,0,5.03,6.08,5.56,0,5.38,5.56,5.47,0,5.56,12.04,8.96,0,6.68,16.16,7.85,0,6.16,6.6,6.38,0,5.03,6.94,5.89,0,6.08,6.08,6.08,0,4,7,5.28,0,4.68,7.69,5.83,0,5.38,5.73,5.56,0,2.6,3.47,3.04,0,6.08,6.8,6.4,0,6.06,6.99,6.46,0,5.21,5.21,5.21,0,6.2,7.98,7.2,0,7.29,8.51,7.9,0,6.77,7.29,7.03,0,11.98,17.88,15.29,0,13.54,14.06,13.8,0,12.67,13.8,13.24,0,8.69,25,12,0,11.89,12.85,12.37,-0.13,2.08,3.47,2.45,0,2.21,3.32,2.89,0.06,2.38,2.5,2.45,0,2.56,4.5,2.93,0,2.08,3.47,2.6,0.26,2.56,3.04,2.89,0,2.25,4.5,3.44,0.46,1.75,1.98,1.79,0,2.2,3.42,2.53,0,2.29,2.99,2.56,0,1.28,2.08,1.6,0,1.35,2.08,1.65,-0.01,1.69,2.21,1.88,0,1.49,3.6,1.88,0.03,1.93,2.86,2.04,0,1.46,2.08,1.66,0,1.3,2.29,1.59,-0.07,1.2,2.29,1.98,0,1.38,2.21,1.88,0,1.3,1.32,1.31,0,1.35,2,1.71,0,1.81,3.95,1.88,0.03,1.25,1.3,1.28,0
2026-08-12,4.08,6.18,5.7,0,3.39,33.68,5.5,0,1.74,3.04,2.39,0,2.88,3.65,3.26,0,2.95,3.82,3.39,0,5.83,7.97,6.04,0,2.21,12.73,3.07,0.06,2.38,3.49,3.11,0,2.07,13.2,3.21,0,2.08,2.08,2.08,0,4.65,12.04,5.73,0,6.25,6.6,6.43,0,5.03,6.08,5.56,0,5.38,5.56,5.47,0,5.56,12.04,8.96,0,6.68,16.16,7.85,0,6.16,6.6,6.38,0,5.03,6.94,5.89,0,6.08,6.08,6.08,0,4,7,5.28,0,4.68,7.69,5.83,0,5.38,5.73,5.56,0,2.6,3.47,3.04,0,6.08,6.8,6.4,0.13,6.06,6.99,6.46,0.19,5.21,5.21,5.21,0,6.2,7.98,7.2,0,7.29,8.51,7.9,0,6.77,7.29,7.03,0,11.98,17.88,15.29,0,13.54,14.06,13.8,0,12.67,13.8,13.24,0,8.69,25,12,0,11.89,13.11,12.5,0,2.08,3.47,2.45,0,2.3,3.32,2.83,-0.06,2.38,2.5,2.45,0,2.56,4.5,2.93,0,1.78,3.47,2.34,0,2.56,3.04,2.89,0,1.88,4.5,2.98,0,1.75,1.98,1.79,0,2.2,3.42,2.53,0,2.29,2.99,2.56,0,1.28,2.08,1.6,0,1.35,1.75,1.66,-0.01,1.69,2.21,1.88,0,1.55,3.6,1.85,-0.03,1.93,2.86,2.04,0,1.46,2.08,1.66,0,1.35,2.09,1.66,-0.01,1.2,2.29,1.98,0,1.38,2.21,1.88,0,1.3,1.32,1.31,0,1.35,2,1.71,0.06,1.72,3.95,1.85,-0.03,1.25,1.3,1.28,0.03
2026-08-11,4.08,6.18,5.7,0,3.39,33.68,5.5,0,1.74,3.04,2.39,0,2.88,3.65,3.26,0,2.95,3.82,3.39,0,5.83,7.97,6.04,0,2.21,12.73,3.01,0,2.52,3.45,3.11,0,2.07,13.2,3.21,0,2.08,2.08,2.08,0,4.65,12.04,5.73,0,6.25,6.6,6.43,0,5.03,6.08,5.56,0.09,5.38,5.56,5.47,0,5.56,12.04,8.96,0,6.68,16.16,7.85,0,6.16,6.6,6.38,0,4.51,6.94,5.89,0,6.08,6.08,6.08,0,4,7,5.28,-0.39,4.68,7.69,5.83,-0.4,5.38,5.73,5.56,0,2.6,3.47,3.04,0,6.08,6.4,6.27,0,6.06,7.52,6.27,0,5.21,5.21,5.21,0,6.2,7.98,7.2,0,7.29,8.51,7.9,0,6.77,7.29,7.03,0,11.98,17.88,15.29,0,13.54,14.06,13.8,0,12.67,13.8,13.24,0,8.69,25,12,0,11.89,13.11,12.5,0,2.08,3.47,2.45,0,2.21,3.32,2.89,0,2.38,2.5,2.45,0,2.56,4.5,2.93,0,2.08,3.47,2.34,0,2.56,3.04,2.89,0,2.35,4.5,2.98,0,1.75,1.98,1.79,0,2.2,3.42,2.53,0,2.37,2.99,2.56,0,1.28,2.08,1.6,0,1.35,2.08,1.67,0,1.69,2.21,1.88,0,1.49,3.6,1.88,0,1.93,2.86,2.04,0,1.46,2.08,1.66,0,1.35,2.16,1.67,0,1.2,2.29,1.98,0,1.38,2.21,1.88,0,1.3,1.32,1.31,0,1.24,1.89,1.65,-0.06,1.72,3.95,1.88,0,1.2,1.3,1.25,0
2026-08-10,4.08,6.18,5.7,0,3.39,33.68,5.5,0,1.74,3.04,2.39,0,2.88,3.65,3.26,0,2.95,3.82,3.39,0,5.83,7.97,6.04,0,2.21,12.73,3.01,0,2.52,3.45,3.11,0,2.07,13.2,3.21,0,2.08,2.08,2.08,0,4.65,13.89,5.73,0,6.25,6.6,6.43,0,5.03,5.9,5.47,0,5.38,5.56,5.47,0,5.56,12.04,8.96,0,6.68,16.16,7.85,0,6.16,6.6,6.38,0,4.51,6.94,5.89,0,6.08,6.08,6.08,0,4,7,5.67,0,4.76,7.2,6.23,0,5.38,5.73,5.56,0,2.6,3.47,3.04,0,6.08,6.4,6.27,0,6.06,7.52,6.27,0,5.21,5.21,5.21,0,6.2,7.98,7.2,0,7.29,8.51,7.9,0,6.77,7.29,7.03,0,11.98,17.88,15.29,0,13.54,14.06,13.8,0,12.67,13.8,13.24,0.09,8.69,25,12,0,11.89,13.11,12.5,0,2.08,3.47,2.45,0,2.21,3.32,2.89,0,2.38,2.5,2.45,0,2.56,4.5,2.93,0,1.78,3.47,2.34,0,2.56,3.04,2.89,0,1.88,4.5,2.98,0,1.75,1.98,1.79,0,2.2,3.42,2.53,0,2.29,2.99,2.56,0,1.28,2.08,1.6,0,1.35,2.08,1.67,0.02,1.69,2.21,1.88,0,1.49,3.6,1.88,-0.02,1.93,2.86,2.04,0,1.46,2.08,1.66,0,1.35,2.16,1.67,0.08,1.2,2.29,1.98,0,1.38,2.21,1.88,0,1.3,1.32,1.31,0,1.35,2,1.71,0,1.72,3.95,1.88,0,1.2,1.3,1.25,0
2026-08-07,4.08,6.18,5.7,0,3.39,33.68,5.5,0,1.74,3.04,2.39,0,2.88,3.65,3.26,0,2.95,3.82,3.39,0,5.83,7.97,6.04,0,2.21,12.73,3.01,0,2.52,3.45,3.11,0.03,2.07,13.2,3.21,0,2.08,2.08,2.08,0,4.65,13.89,5.73,0,6.25,6.6,6.43,0,5.03,5.9,5.47,0,5.38,5.56,5.47,0,5.56,12.04,8.96,0,6.68,16.16,7.85,0,6.16,6.6,6.38,0.13,4.51,6.94,5.89,0,6.08,6.08,6.08,0,4,7,5.67,0,4.76,7.2,6.23,0,5.38,5.73,5.56,0,2.6,3.47,3.04,0,6.08,6.4,6.27,-0.13,6.06,7.52,6.27,-0.19,5.21,5.21,5.21,0,6.2,7.98,7.2,0,7.29,8.51,7.9,0,6.77,7.29,7.03,0,11.98,17.88,15.29,0,13.54,14.06,13.8,0,12.5,13.8,13.15,0,8.69,19.99,12,0,11.89,13.11,12.5,0,2.08,3.47,2.45,0,2.21,3.32,2.89,0.06,2.38,2.5,2.45,0,2.56,4.5,2.93,0,1.78,3.47,2.34,0.04,2.56,3.04,2.89,0,1.88,4.5,2.98,0.48,1.75,1.98,1.79,0,2.2,3.42,2.53,0,2.37,2.99,2.56,0.01,1.28,2.08,1.6,0,1.35,2.08,1.65,0,1.69,2.21,1.88,0,1.49,3.6,1.9,0.02,1.93,2.86,2.04,0,1.46,2.08,1.66,0,1.3,2.29,1.59,0,1.49,2.29,1.98,0,1.44,2.21,1.88,0,1.3,1.32,1.31,0,1.35,2,1.71,0,1.81,3.95,1.88,0,1.2,1.3,1.25,-0.03
2026-08-06,4.08,6.18,5.7,0,3.39,33.68,5.5,0,1.74,3.04,2.39,0,2.88,3.65,3.26,0,2.95,3.82,3.39,0,5.83,7.97,6.04,0,2.21,12.73,3.01,0.79,2.38,3.45,3.08,0.28,2.07,13.2,3.21,0,2.08,2.08,2.08,0,4.65,13.89,5.73,0,6.25,6.6,6.43,0,5.03,5.9,5.47,0,5.38,5.56,5.47,0,5.56,12.04,8.96,0,6.68,16.16,7.85,0,5.9,6.6,6.25,0,5.03,6.94,5.89,0,6.08,6.08,6.08,0,4,7,5.67,0.39,4.76,7.2,6.23,0.4,5.38,5.73,5.56,0,2.6,3.47,3.04,0,6.08,6.8,6.4,0,6.06,6.99,6.46,0,5.21,5.21,5.21,0,6.2,7.98,7.2,0,7.29,8.51,7.9,0,6.77,7.29,7.03,0,11.98,17.88,15.29,0,13.54,14.06,13.8,0,12.5,13.8,13.15,0,8.69,19.99,12,0,11.89,13.11,12.5,0,2.08,3.47,2.45,0,2.3,3.32,2.83,-0.06,2.38,2.5,2.45,0,2.56,4.5,2.93,0,1.78,3.47,2.3,-0.04,2.56,3.04,2.89,0,1.99,4.5,2.5,-0.48,1.75,1.98,1.79,0,2.2,3.42,2.53,-0.16,2.37,2.99,2.55,-0.01,1.28,2.08,1.6,0,1.35,2.08,1.65,0.12,1.69,2.21,1.88,0,1.49,3.6,1.88,-0.12,1.93,2.86,2.04,0,1.46,2.08,1.66,0,1.3,2.29,1.59,0.03,1.49,2.29,1.98,0,1.44,2.21,1.88,0,1.3,1.32,1.31,0,1.35,2,1.71,0.06,1.81,3.95,1.88,-1.72,1.25,1.3,1.28,0
2026-08-05,4.08,6.18,5.7,0,3.39,33.68,5.5,0,1.74,3.04,2.39,0,2.88,3.65,3.26,0,2.95,3.82,3.39,0,5.83,7.97,6.04,0,2.21,12.73,2.22,0,2.38,3.45,2.8,0,2.07,13.2,3.21,0,2.08,2.08,2.08,0,4.65,13.89,5.73,0,6.25,6.6,6.43,0,5.03,5.9,5.47,0,5.38,5.56,5.47,0,5.56,12.04,8.96,0,6.68,16.16,7.85,0,5.9,6.6,6.25,0,5.03,6.94,5.89,0,6.08,6.08,6.08,0,4,7,5.28,-0.39,4.68,7.69,5.83,-0.4,5.38,5.73,5.56,0,2.6,3.47,3.04,0,6.08,6.8,6.4,0,6.06,6.99,6.46,0,5.21,5.21,5.21,0,6.2,7.98,7.2,0,7.29,8.51,7.9,0,6.77,7.29,7.03,0,11.98,17.88,15.29,0,13.54,14.06,13.8,0,12.5,13.8,13.15,0,8.69,19.99,12,0,11.89,13.11,12.5,0,2.08,3.47,2.45,0,2.21,3.32,2.89,0.06,2.38,2.5,2.45,0,2.56,4.5,2.93,0,2.08,3.47,2.34,0.04,2.56,3.04,2.89,0,2.35,4.5,2.98,0.48,1.75,1.98,1.79,0,2.2,3.42,2.69,0,2.29,2.99,2.56,0.01,1.28,2.08,1.6,0,1.04,2.29,1.53,-0.13,1.69,2.21,1.88,0,1.48,3.95,2,0.01,1.93,2.86,2.04,0,1.46,2.08,1.66,0,1.3,2.29,1.56,-0.1,1.49,2.29,1.98,0,1.44,2.21,1.88,0,1.3,1.32,1.31,0,1.24,1.89,1.65,0,1.88,3.95,3.6,1.72,1.25,1.3,1.28,0.02
2026-08-04,4.08,6.18,5.7,0,3.39,33.68,5.5,1.16,1.74,3.04,2.39,0,2.88,3.65,3.26,0,2.95,3.82,3.39,0,5.83,7.97,6.04,0,2.21,12.73,2.22,0,2.38,3.45,2.8,0,2.07,13.2,3.21,0,2.08,2.08,2.08,0,4.65,13.89,5.73,-0.35,6.25,6.6,6.43,0,5.03,5.9,5.47,0,5.38,5.56,5.47,0,5.56,12.04,8.96,-0.2,6.68,16.16,7.85,0,5.9,6.6,6.25,0,5.03,6.94,5.89,0,6.08,6.08,6.08,0,4,7,5.67,0.81,4.76,7.2,6.23,0.4,5.38,5.73,5.56,0,2.6,3.47,3.04,0,6.08,6.8,6.4,0,6.06,6.99,6.46,0,5.21,5.21,5.21,0,6.2,7.98,7.2,0,7.29,8.51,7.9,0,6.77,7.29,7.03,0,11.98,17.88,15.29,0,13.54,14.06,13.8,0,12.5,13.8,13.15,0.04,8.69,19.99,12,0,11.89,13.11,12.5,0,2.08,3.47,2.45,0,2.3,3.32,2.83,-0.06,2.38,2.5,2.45,0,2.56,4.5,2.93,0,1.78,3.47,2.3,0,2.56,3.04,2.89,0,1.99,4.5,2.5,-0.48,1.75,1.98,1.79,0,2.2,3.42,2.69,0,2.29,2.99,2.55,-0.01,1.28,2.08,1.6,0,1.35,2.08,1.66,-0.09,1.69,2.21,1.88,0,1.49,3.6,1.99,-0.4,1.93,2.86,2.04,0,1.46,2.08,1.66,0,1.35,2.3,1.66,-0.4,1.49,2.29,1.98,0,1.44,2.21,1.88,0,1.3,1.32,1.31,0,1.24,1.89,1.65,0,1.75,3.95,1.88,0,1.22,1.3,1.26,0
2026-08-03,4.08,6.18,5.7,0,3.39,5.5,4.34,-1.16,1.74,3.04,2.39,0,2.88,3.65,3.26,-0.3,2.95,3.82,3.39,0,5.83,7.97,6.04,0,2.21,12.73,2.22,0,2.38,3.45,2.8,0,2.07,13.2,3.21,0,2.08,2.08,2.08,0,4.65,13.89,6.08,0.35,6.25,6.6,6.43,0,5.03,5.9,5.47,0,5.38,5.56,5.47,0,6.08,12.04,9.16,0.2,6.68,16.16,7.85,0,5.9,6.6,6.25,0,5.05,6.26,5.89,0,6.08,6.08,6.08,0,4,7,4.86,-0.81,4.68,7.69,5.83,-0.4,5.38,5.73,5.56,0,2.6,3.47,3.04,0,6.08,6.8,6.4,0.13,6.06,6.99,6.46,0.19,5.21,5.21,5.21,0,6.2,7.98,7.2,0,7.29,8.51,7.9,0,6.77,7.29,7.03,0,11.98,17.88,15.29,0,13.54,14.06,13.8,0,12.5,13.72,13.11,0,8.69,19.99,12,0,11.89,13.11,12.5,0,2.08,3.47,2.45,0,2.21,3.32,2.89,0,2.38,2.5,2.45,-0.05,2.56,4.5,2.93,0,2.08,3.47,2.3,-0.3,2.56,3.04,2.89,0,2.35,4.5,2.98,-0.46,1.75,1.98,1.79,0,2.2,3.42,2.69,0.16,2.29,2.99,2.56,-0.13,1.28,2.08,1.6,0,1.4,2.29,1.75,0.22,1.69,2.21,1.88,0,1.49,3.6,2.39,-0.09,1.93,2.86,2.04,0,1.46,2.08,1.66,0,1.4,2.3,2.06,0.47,1.49,2.29,1.98,0,1.44,2.21,1.88,0,1.3,1.32,1.31,0,1.24,1.89,1.65,0,1.81,3.95,1.88,-1.72,1.22,1.3,1.26,0
2026-07-31,4.08,6.18,5.7,0,3.39,33.68,5.5,0,1.74,3.04,2.39,0,3.47,3.65,3.56,0,2.95,3.82,3.39,0,5.83,7.97,6.04,0,2.21,12.73,2.22,-0.85,2.38,3.45,2.8,-0.31,2.07,13.2,3.21,0,2.08,2.08,2.08,0,4.65,13.89,5.73,0,6.25,6.6,6.43,0,5.03,5.9,5.47,0,5.38,5.56,5.47,0,5.56,12.04,8.96,0,6.68,16.16,7.85,0,5.9,6.6,6.25,0,4.51,6.94,5.89,0.33,6.08,6.08,6.08,0,4,7,5.67,0.81,4.76,7.2,6.23,0.4,5.38,5.73,5.56,0,2.6,3.47,3.04,0,6.08,6.4,6.27,-0.39,6.06,7.52,6.27,-0.67,5.21,5.21,5.21,0,6.2,7.98,7.2,0,7.29,8.51,7.9,0,6.77,7.29,7.03,0,11.98,17.88,15.29,0,13.54,14.06,13.8,0,12.5,13.72,13.11,0,8.69,19.99,12,0,11.89,13.11,12.5,0.22,2.08,3.47,2.45,0,2.21,3.32,2.89,0,2.42,2.6,2.5,0,2.56,4.5,2.93,0,2.08,3.47,2.6,0,2.56,3.04,2.89,0,2.25,4.5,3.44,0,1.75,1.98,1.79,0,2.2,3.42,2.53,0,2.42,2.99,2.69,0.13,1.28,2.08,1.6,-0.01,1.04,2.29,1.53,0,1.69,2.21,1.88,0,1.49,3.6,2.48,0.58,1.93,2.86,2.04,0,1.46,2.08,1.66,0,1.3,2.3,1.59,0.03,1.49,2.29,1.98,0,1.42,2.21,1.88,-0.05,1.3,1.32,1.31,0,1.24,1.89,1.65,0,1.88,3.95,3.6,0,1.22,1.3,1.26,0
2026-07-30,4.08,6.18,5.7,0,3.39,33.68,5.5,0,1.74,3.04,2.39,0,3.47,3.65,3.56,0,2.95,3.82,3.39,0,5.83,7.97,6.04,-0.63,2.21,12.73,3.07,0,2.38,3.49,3.11,0,2.07,13.2,3.21,0,2.08,2.08,2.08,0,4.65,13.89,5.73,0,6.25,6.6,6.43,0,5.03,5.9,5.47,0,5.38,5.56,5.47,0,5.56,12.04,8.96,0,6.68,16.16,7.85,0,5.9,6.6,6.25,0,4.42,7.99,5.56,0,6.08,6.08,6.08,0,4,7,4.86,0,4.68,7.69,5.83,0,5.38,5.73,5.56,0,2.6,3.47,3.04,0,6.46,6.8,6.66,0,6.06,7.52,6.94,0,5.21,5.21,5.21,0,6.2,7.98,7.2,0,7.29,8.51,7.9,0,6.77,7.29,7.03,0,11.98,17.88,15.29,0,13.54,14.06,13.8,0,12.5,13.72,13.11,-0.08,8.69,19.99,12,0,11.89,12.67,12.28,0,2.08,3.47,2.45,0,2.21,3.32,2.89,0,2.42,2.6,2.5,0,2.56,4.5,2.93,0,2.08,3.47,2.6,0,2.56,3.04,2.89,0,2.25,4.5,3.44,0,1.75,1.98,1.79,0,2.2,3.42,2.53,-0.16,2.37,2.99,2.56,0,1.46,2.29,1.61,0,1.04,2.29,1.53,-0.13,1.7,2.21,1.88,0,1.48,3.95,1.9,0.02,1.93,2.86,2.04,0,1.52,2.08,1.66,0,1.3,2.29,1.56,-0.1,1.49,2.29,1.98,0,1.38,2.25,1.93,0,1.3,1.32,1.31,0,1.24,1.89,1.65,0,1.88,3.95,3.6,1.72,1.22,1.3,1.26,0
2026-07-29,4.08,6.18,5.7,0,3.39,33.68,5.5,0,1.74,3.04,2.39,0,3.47,3.65,3.56,0,2.95,3.82,3.39,0,5.83,7.97,6.67,0.63,2.21,12.73,3.07,0,2.38,3.49,3.11,0,2.07,13.2,3.21,0,2.08,2.08,2.08,0,4.65,13.89,5.73,0,6.25,6.6,6.43,0,5.03,5.9,5.47,0,5.38,5.56,5.47,0,5.56,12.04,8.96,0,6.68,16.16,7.85,0,5.9,6.6,6.25,0,4.42,7.99,5.56,0,6.08,6.08,6.08,0,4,7,4.86,0,4.68,7.69,5.83,0,5.38,5.73,5.56,0,2.6,3.47,3.04,0,6.46,6.8,6.66,0,6.06,7.52,6.94,0,5.21,5.21,5.21,0,6.2,7.98,7.2,0,7.29,8.51,7.9,0,6.77,7.29,7.03,0,11.98,17.88,15.29,0,13.54,14.06,13.8,0,12.67,13.72,13.19,0.26,8.69,19.99,12,0,11.89,12.67,12.28,0,2.08,3.47,2.45,0,2.21,3.32,2.89,0,2.42,2.6,2.5,0,2.56,4.5,2.93,0,2.08,3.47,2.6,0.21,2.56,3.04,2.89,0,2.25,4.5,3.44,0.84,1.75,1.98,1.79,0,2.2,3.42,2.69,0,2.37,2.99,2.56,-0.13,1.46,2.29,1.61,0,1.35,2.08,1.66,-0.01,1.7,2.21,1.88,0,1.49,3.6,1.88,0,1.93,2.86,2.04,0,1.52,2.08,1.66,0,1.35,2.16,1.66,-0.01,1.49,2.29,1.98,0,1.38,2.25,1.93,0,1.3,1.32,1.31,0,1.24,1.89,1.65,0,1.75,3.95,1.88,0,1.22,1.3,1.26,0
2026-07-28,4.08,6.18,5.7,0,3.39,33.68,5.5,0,1.74,3.04,2.39,0,3.47,3.65,3.56,0,2.95,3.82,3.39,0,5.83,7.97,6.04,0,2.21,12.73,3.07,0,2.38,3.49,3.11,0,2.07,13.2,3.21,0,2.08,2.08,2.08,0,4.65,13.89,5.73,0,6.25,6.6,6.43,0,5.03,5.9,5.47,0,5.38,5.56,5.47,0,5.56,12.04,8.96,0,6.68,16.16,7.85,0,5.9,6.6,6.25,0,4.42,7.45,5.56,0,6.08,6.08,6.08,0,4,7,4.86,-0.81,4.68,7.69,5.83,-0.4,5.38,5.73,5.56,-0.08,2.6,3.47,3.04,0.31,6.46,6.8,6.66,0,6.06,7.52,6.94,0,5.21,5.21,5.21,0,6.2,7.98,7.2,0,7.29,8.51,7.9,0,6.77,7.29,7.03,0,11.98,17.88,15.29,0,13.54,14.06,13.8,0,12.67,13.19,12.93,0,8.69,19.99,12,0,11.89,12.67,12.28,0,2.08,3.47,2.45,0,2.21,3.32,2.89,0,2.42,2.6,2.5,0.03,2.56,4.5,2.93,0,2.08,3.47,2.39,-0.21,2.56,3.04,2.89,0,2.35,4.5,2.6,-0.84,1.75,1.98,1.79,0,2.2,3.42,2.69,0,2.42,2.99,2.69,0.13,1.46,2.29,1.61,0,1.35,2.08,1.67,0.01,1.7,2.21,1.88,0,1.49,3.6,1.88,0.03,1.93,2.86,2.04,0,1.52,2.08,1.66,0,1.35,2.16,1.67,0.01,1.49,2.29,1.98,0,1.38,2.25,1.93,0,1.3,1.32,1.31,0,1.24,1.89,1.65,0,1.72,3.95,1.88,0.03,1.22,1.3,1.26,0
2026-07-27,4.08,6.18,5.7,0,3.39,33.68,5.5,0,1.74,3.04,2.39,0,3.47,3.65,3.56,0,2.95,3.82,3.39,0,5.83,7.97,6.04,0,2.21,12.73,3.07,0.85,2.38,3.49,3.11,0.31,2.07,13.2,3.21,0,2.08,2.08,2.08,0,4.65,13.89,5.73,0,6.25,6.6,6.43,0,5.03,5.9,5.47,0,5.38,5.56,5.47,0,5.56,12.04,8.96,0,6.68,16.16,7.85,0,5.9,6.6,6.25,0.7,4.42,7.45,5.56,0,6.08,6.08,6.08,0,4,7,5.67,0.81,4.76,7.2,6.23,0.4,5.56,5.73,5.64,0,2.6,2.86,2.73,0,6.46,6.8,6.66,0,6.06,7.52,6.94,0,5.21,5.21,5.21,0,6.2,7.98,7.2,0,7.29,8.51,7.9,0,6.77,7.29,7.03,0,11.98,17.88,15.29,0,13.54,14.06,13.8,0,12.67,13.19,12.93,0,8.69,19.99,12,0,11.89,12.67,12.28,0,2.08,3.47,2.45,0,2.21,3.32,2.89,0,2.38,2.6,2.47,0,2.56,4.5,2.93,0,2.07,3.47,2.6,0.25,2.56,3.04,2.89,0,2.25,4.5,3.44,0.89,1.75,1.98,1.79,0,2.2,3.42,2.69,0,2.37,2.99,2.56,-0.28,1.46,2.29,1.61,0,1.35,1.75,1.66,-0.01,1.7,2.21,1.88,0,1.49,3.6,1.85,-0.03,1.93,2.86,2.04,0,1.52,2.08,1.66,0,1.35,2.09,1.66,-0.01,1.49,2.29,1.98,0,1.38,2.25,1.93,0,1.3,1.32,1.31,0,1.24,1.89,1.65,0,1.72,3.95,1.85,-0.03,1.22,1.3,1.26,0
2026-07-24,4.08,6.18,5.7,0,3.39,33.68,5.5,0,1.74,3.04,2.39,0,3.47,3.65,3.56,0,2.95,3.82,3.39,0,5.83,7.97,6.04,0,2.21,12.73,2.22,0,2.38,3.45,2.8,0,2.07,13.2,3.21,0.61,2.08,2.08,2.08,0,4.65,13.89,5.73,0,6.25,6.6,6.43,0,5.03,5.9,5.47,0,5.38,5.56,5.47,0,5.56,12.04,8.96,0,6.68,16.16,7.85,0,4.51,6.6,5.56,0,4.42,7.45,5.56,0,6.08,6.08,6.08,0,4,7,4.86,-0.81,4.68,7.69,5.83,-0.4,5.56,5.73,5.64,0,2.6,2.86,2.73,0,6.46,6.8,6.66,0,6.06,7.52,6.94,0,5.21,5.21,5.21,0,6.2,7.98,7.2,0,7.29,8.51,7.9,0,6.77,7.29,7.03,0,11.98,17.88,15.29,0,13.54,14.06,13.8,0.17,12.67,13.19,12.93,0,8.69,19.99,12,0,11.89,12.67,12.28,0,2.08,3.47,2.45,0,2.21,3.32,2.89,0,2.38,2.6,2.47,-0.03,2.56,4.5,2.93,0,2.08,3.47,2.35,0,2.56,3.04,2.89,0,2.35,4.5,2.55,0,1.75,1.98,1.79,0,2.2,3.42,2.69,0,2.78,2.99,2.84,0.28,1.46,2.29,1.61,0,1.35,2.08,1.67,0.01,1.7,2.21,1.88,0,1.49,3.6,1.88,0,1.93,2.86,2.04,0,1.52,2.08,1.66,0,1.35,2.16,1.67,0.01,1.49,2.29,1.98,0,1.38,2.25,1.93,0,1.3,1.32,1.31,0.06,1.24,1.89,1.65,0,1.72,3.95,1.88,0.03,1.22,1.3,1.26,0.02
2026-07-23,4.08,6.18,5.7,0,3.39,33.68,5.5,0,1.74,3.04,2.39,0,3.47,3.65,3.56,0,2.95,3.82,3.39,0,5.83,7.97,6.04,0,2.21,12.73,2.22,0,2.38,3.45,2.8,0,2.07,13.2,2.6,-0.61,2.08,2.08,2.08,0,4.65,13.89,5.73,0,6.25,6.6,6.43,0,5.03,5.9,5.47,0,5.38,5.56,5.47,0,5.56,12.04,8.96,0,6.68,16.16,7.85,0,4.51,6.6,5.56,0,4.42,7.45,5.56,-0.56,6.08,6.08,6.08,0,4,7,5.67,0,4.76,7.2,6.23,0,5.56,5.73,5.64,0,2.6,2.86,2.73,0,6.46,6.8,6.66,0,6.06,7.52,6.94,0.28,5.21,5.21,5.21,0,6.2,7.98,7.2,0,7.29,8.51,7.9,0,6.77,7.29,7.03,0,11.98,17.88,15.29,0,13.19,14.06,13.63,0.87,12.67,13.19,12.93,0,8.69,19.99,12,0,11.89,12.67,12.28,0,2.08,3.47,2.45,0,2.21,3.32,2.89,0,2.42,2.6,2.5,0,2.56,4.5,2.93,0,1.78,3.47,2.35,0,2.56,3.04,2.89,0,1.99,4.5,2.55,0,1.75,1.98,1.79,0,2.2,3.42,2.69,0,2.37,2.99,2.56,0.01,1.46,2.29,1.61,0,1.35,1.75,1.66,-0.01,1.7,2.21,1.88,0,1.49,3.6,1.88,0,1.93,2.86,2.04,0,1.52,2.08,1.66,0,1.35,2.09,1.66,-0.01,1.49,2.29,1.98,0,1.38,2.25,1.93,0,1.18,1.32,1.25,0,1.24,1.89,1.65,0,1.72,3.95,1.85,-0.03,1.18,1.3,1.24,0
2026-07-22,4.08,6.18,5.7,0,3.39,33.68,5.5,0,1.74,3.04,2.39,0,3.47,3.65,3.56,0,2.95,3.82,3.39,0,5.83,7.97,6.04,0,2.21,12.73,2.22,-0.85,2.38,3.45,2.8,-0.32,2.07,13.2,3.21,0,2.08,2.08,2.08,0,4.65,13.89,5.73,0,6.25,6.6,6.43,0,5.03,5.9,5.47,0,5.38,5.56,5.47,0.09,5.56,12.04,8.96,0,6.68,16.16,7.85,0,4.51,6.6,5.56,0,4.51,6.94,6.12,0,6.08,6.08,6.08,0,4,7,5.67,0.81,4.76,7.2,6.23,0,5.56,5.73,5.64,0,2.6,2.86,2.73,0,6.46,6.8,6.66,0,6.06,7.52,6.66,0,5.21,5.21,5.21,0,6.2,7.98,7.2,0,7.29,8.51,7.9,0,6.77,7.29,7.03,0,11.98,17.88,15.29,0,12.5,13.19,12.76,0,12.67,13.19,12.93,0,8.69,19.99,12,-1.88,11.89,12.67,12.28,0,2.08,3.47,2.45,0,2.21,3.32,2.89,0,2.42,2.6,2.5,0.03,2.56,4.5,2.93,0,1.78,3.47,2.35,-0.04,2.56,3.04,2.89,0,1.99,4.5,2.55,-0.05,1.75,1.98,1.79,-0.09,2.2,3.42,2.69,0,2.37,2.99,2.55,0,1.46,2.29,1.61,-0.05,1.35,2.08,1.67,0.01,1.7,2.21,1.88,-0.05,1.49,3.6,1.88,0,1.93,2.86,2.04,0,1.52,2.08,1.66,-0.01,1.35,2.16,1.67,0.01,1.49,2.29,1.98,0,1.38,2.25,1.93,0,1.18,1.32,1.25,0,1.24,1.89,1.65,0,1.72,3.95,1.88,0.03,1.18,1.3,1.24,0
2026-07-21,4.08,6.18,5.7,0,3.39,33.68,5.5,0,1.74,3.04,2.39,0,3.47,3.65,3.56,0,2.95,3.82,3.39,0,5.83,7.97,6.04,0,2.21,12.73,3.07,0,2.77,3.49,3.12,0,2.34,13.2,3.21,0,2.08,2.08,2.08,0,4.65,13.89,5.73,0,6.25,6.6,6.43,0,5.03,5.9,5.47,0.44,5.21,5.56,5.39,0,5.56,12.04,8.96,0,6.68,16.16,7.85,0,4.51,6.6,5.56,0,5.03,6.94,6.12,0,6.08,6.08,6.08,0,4,7,4.86,-0.81,4.76,7.69,6.23,0,5.56,5.73,5.64,-0.09,2.6,2.86,2.73,0,6.46,6.8,6.66,0,6.06,7.52,6.66,0,5.21,5.21,5.21,0,6.2,7.98,7.2,0,7.29,7.47,7.9,0.52,6.77,7.29,7.03,0,11.98,17.88,15.29,0,12.5,13.02,12.76,0,12.67,13.19,12.93,0,8.69,19.99,13.88,0,11.89,12.67,12.28,0,2.08,3.47,2.45,0,2.21,3.32,2.89,0,2.38,2.6,2.47,0,2.56,4.5,2.93,0,2.08,3.47,2.39,0,2.56,3.04,2.89,0,2.35,4.5,2.6,0.05,1.75,1.98,1.88,0,2.2,3.42,2.69,0.16,2.37,2.99,2.55,0,1.46,2.29,1.66,0,1.35,1.75,1.66,-0.01,1.73,2.21,1.93,0,1.49,3.6,1.88,0.07,1.93,2.86,2.04,0,1.52,2.29,1.67,0,1.35,2.16,1.66,0.07,1.49,2.29,1.98,0,1.38,2.25,1.93,0,1.18,1.32,1.25,0,1.24,1.89,1.65,0,1.72,3.95,1.85,-0.03,1.18,1.3,1.24,0
2026-07-20,4.08,6.18,5.7,0,3.39,33.68,5.5,0,1.74,3.04,2.39,0,3.47,3.65,3.56,0,2.95,3.82,3.39,0,5.83,7.97,6.04,0,2.21,12.73,3.07,0,2.77,3.49,3.12,0,2.34,13.2,3.21,0,2.08,2.08,2.08,0,4.65,13.89,5.73,0,6.25,6.6,6.43,0,5.03,5.03,5.03,0,5.21,5.56,5.39,0,5.56,12.04,8.96,0,6.68,16.16,7.85,0,4.51,6.6,5.56,0,5.03,6.94,6.12,0,6.08,6.08,6.08,0,4,7,5.67,0.81,4.76,7.69,6.23,0,5.73,5.73,5.73,0,2.6,2.86,2.73,0,6.46,6.8,6.66,0,6.06,7.52,6.66,0,5.21,5.21,5.21,0,6.2,7.98,7.2,0,7.29,7.47,7.38,0,6.77,7.29,7.03,0,11.98,17.88,15.29,0,12.5,13.02,12.76,0,12.67,13.19,12.93,0,8.69,19.99,13.88,0,11.89,12.67,12.28,0,2.08,3.47,2.45,0,2.21,3.32,2.89,0,2.38,2.6,2.47,-0.08,2.56,4.5,2.93,0,2.08,3.47,2.39,0,2.56,3.04,2.89,0,2.35,4.5,2.55,-0.43,1.75,1.98,1.88,0,2.2,3.42,2.53,0,2.37,2.99,2.55,-0.29,1.46,2.29,1.66,0,1.35,2.08,1.67,0.02,1.73,2.21,1.93,0,1.49,3.6,1.81,-0.09,1.93,2.86,2.04,0,1.52,2.29,1.67,0.01,1.35,2.16,1.59,0,1.49,2.29,1.98,0,1.38,2.25,1.93,0,1.18,1.32,1.25,0,1.24,1.89,1.65,0,1.72,3.95,1.88,0,1.18,1.3,1.24,0
2026-07-17,4.08,6.18,5.7,0,3.39,33.68,5.5,0,1.74,3.04,2.39,0,3.47,3.65,3.56,0,2.95,3.82,3.39,0,5.83,7.97,6.04,-0.63,2.21,12.73,3.07,0.85,2.77,3.49,3.12,0,2.34,13.2,3.21,0,2.08,2.08,2.08,0,4.65,13.89,5.73,0.17,6.25,6.6,6.43,0,5.03,5.03,5.03,0,5.21,5.56,5.39,0,5.56,12.04,8.96,2.88,6.68,16.16,7.85,0.33,4.51,6.6,5.56,0,5.03,6.94,6.12,0.23,6.08,6.08,6.08,0,4,7,4.86,0,4.76,7.69,6.23,0.4,5.73,5.73,5.73,0,2.6,2.86,2.73,0,6.46,6.8,6.66,0.26,6.06,7.52,6.66,0.26,5.21,5.21,5.21,0,6.2,7.98,7.2,0,7.29,7.47,7.38,0,6.77,7.29,7.03,0,11.98,17.88,15.29,0,12.5,13.02,12.76,0,12.67,13.19,12.93,0,8.69,19.99,13.88,0,11.89,12.67,12.28,0,2.08,3.47,2.45,-0.12,2.21,3.32,2.89,0.03,2.47,2.6,2.55,0,2.56,4.5,2.93,0.1,2.08,3.47,2.39,0,2.56,3.04,2.89,0,2.35,4.5,2.98,0.43,1.75,1.98,1.88,0,2.2,3.42,2.53,0,2.78,2.99,2.84,0,1.46,2.29,1.66,0.05,1.35,2.08,1.65,0.09,1.73,2.21,1.93,-0.05,1.49,3.6,1.9,0.09,1.93,2.86,2.04,0,1.46,2.29,1.66,0,1.3,2.29,1.59,0,1.49,2.29,1.98,0,1.38,2.25,1.93,0,1.18,1.32,1.25,0,1.24,1.89,1.65,0,1.81,3.95,1.88,0.07,1.18,1.3,1.24,0
2026-07-16,4.08,6.18,5.7,0,3.39,33.68,5.5,1.8,1.74,3.04,2.39,0,3.47,3.65,3.56,0,2.95,3.82,3.39,0,5.83,7.97,6.67,0.63,2.21,3.07,2.22,-0.85,2.77,3.49,3.12,0,2.43,3.21,3.21,0,2.08,2.08,2.08,0,4.65,6.08,5.56,-0.52,6.25,6.6,6.43,0,5.03,5.03,5.03,0,5.21,5.56,5.39,-0.26,5.56,8.96,6.08,-1.44,5.98,11.88,7.52,0,4.51,6.6,5.56,0,5.03,6.12,5.89,0,6.08,6.08,6.08,0,4,7,4.86,-0.57,4.76,7.69,5.83,-0.16,5.73,5.73,5.73,0,2.6,2.86,2.73,0,6.08,6.8,6.4,0,6.06,6.99,6.4,0,5.21,5.21,5.21,0,6.2,7.98,7.2,0.32,7.29,7.47,7.38,0,6.77,7.29,7.03,0,11.98,17.88,15.29,0,12.5,13.02,12.76,0,12.67,13.19,12.93,0.09,8.69,25,13.88,1.88,11.89,12.67,12.28,0,2.22,2.78,2.57,0.19,2.21,3.32,2.86,0,2.47,2.6,2.55,0.08,2.56,2.93,2.83,-0.1,2.14,3.04,2.39,0,2.56,3.04,2.89,0,2.25,3.59,2.55,0.08,1.75,1.98,1.88,0,2.2,3.42,2.53,0,2.78,2.99,2.84,0,1.46,1.66,1.61,0,1.04,1.75,1.56,-0.19,1.73,2.19,1.98,0.1,1.49,2.48,1.81,-0.07,1.93,2.86,2.04,0,1.46,1.9,1.66,0,1.35,1.75,1.59,0.03,1.49,2.29,1.98,0,1.38,2.19,1.93,0.05,1.18,1.32,1.25,0,1.24,1.89,1.65,0.23,1.72,1.95,1.81,-0.07,1.18,1.3,1.24,0.03
2026-07-15,4.08,6.18,5.7,0,3.39,33.68,3.7,0,1.74,3.04,2.39,0,3.47,3.65,3.56,0,2.95,3.82,3.39,0,5.83,7.97,6.04,0,2.21,12.73,3.07,0,2.77,3.49,3.12,0,2.43,13.2,3.21,0,2.08,2.08,2.08,0,4.65,12.04,6.08,0,6.25,6.6,6.43,0,5.03,5.03,5.03,0,5.21,6.08,5.65,-0.13,5.56,12.04,7.52,0,5.98,16.16,7.52,0.03,4.51,6.6,5.56,0,5.03,6.12,5.89,0,6.08,6.08,6.08,0,4,7,5.43,0.57,4.76,7.2,5.99,0,5.73,5.73,5.73,0,2.6,2.86,2.73,0,6.08,6.8,6.4,0,6.06,6.99,6.4,0,5.21,5.21,5.21,0,5.85,7.98,6.88,0,7.29,7.47,7.38,0,6.77,7.29,7.03,0,11.98,17.88,15.29,0,12.5,13.02,12.76,0,12.67,13.02,12.85,0,8.69,16.88,12,0,11.89,12.67,12.28,0,2.08,3.47,2.38,0,2.25,3.32,2.86,0,2.38,2.6,2.47,0,2.56,4.5,2.93,0,1.78,3.47,2.39,0,2.56,3.04,2.89,0,1.99,2.98,2.47,-0.08,1.75,1.98,1.88,0,2.2,3.42,2.53,0,2.78,2.99,2.84,0,1.46,2.29,1.61,-0.05,1.04,2.29,1.75,0.09,1.73,2.08,1.88,-0.05,1.49,3.6,1.88,0,1.93,2.86,2.04,0,1.46,2.29,1.66,0,1.35,2.09,1.56,-0.1,1.49,2.29,1.98,0,1.42,2.19,1.88,-0.05,1.18,1.32,1.25,0,1.24,1.89,1.42,-0.23,1.81,3.95,1.88,0.03,1.18,1.25,1.22,0
2026-07-14,4.08,6.18,5.7,0,3.39,33.68,3.7,0,1.74,3.04,2.39,0,3.47,3.65,3.56,0,2.95,3.82,3.39,0,5.83,7.97,6.04,0,2.21,12.73,3.07,0,2.77,3.49,3.12,0,2.43,13.2,3.21,0,2.08,2.08,2.08,0,4.65,12.04,6.08,0,6.25,6.6,6.43,0,5.03,5.03,5.03,0,5.21,6.34,5.78,0,5.56,12.04,7.52,0,5.98,16.16,7.49,-0.03,4.51,6.6,5.56,0,5.03,6.12,5.89,-0.23,6.08,6.08,6.08,0,4,7,4.86,0,4.92,7.2,5.99,0,5.73,5.73,5.73,0,2.6,2.86,2.73,0,6.08,6.8,6.4,-0.26,6.06,6.99,6.4,-0.26,5.21,5.21,5.21,0,5.85,7.98,6.88,0,7.29,7.47,7.38,0,6.77,7.29,7.03,0,11.98,17.88,15.29,0,12.5,13.02,12.76,0,12.67,13.02,12.85,0,8.69,16.88,12,-1.99,11.89,12.67,12.28,-0.39,2.08,3.47,2.38,0,2.25,3.32,2.86,0,2.38,2.6,2.47,0,2.56,4.5,2.93,0,2.08,3.47,2.39,0.04,2.56,3.04,2.89,0,2.38,4.5,2.55,0.08,1.75,1.98,1.88,0,2.2,3.42,2.53,0,2.78,2.99,2.84,0,1.46,2.29,1.66,0,1.04,2.29,1.66,0,1.73,2.21,1.93,-0.05,1.49,3.6,1.88,0,1.93,2.86,2.04,0,1.46,2.29,1.66,0,1.48,2.09,1.66,0,1.86,2.29,1.98,0,1.42,2.29,1.93,0,1.18,1.32,1.25,0,1.24,1.89,1.65,0,1.72,3.95,1.85,0,1.18,1.25,1.22,0
2026-07-13,4.08,6.18,5.7,0,3.39,33.68,3.7,0,1.74,3.04,2.39,0,3.47,3.65,3.56,0,2.95,3.82,3.39,0,5.83,7.97,6.04,0,2.21,12.73,3.07,-4.41,2.77,3.49,3.12,0,2.43,13.2,3.21,0,2.08,2.08,2.08,0,4.65,12.04,6.08,0,6.25,6.6,6.43,0,5.03,5.03,5.03,0,5.21,6.34,5.78,0,5.56,12.04,7.52,0,5.98,16.16,7.52,0.03,4.51,6.6,5.56,0,4.42,6.94,6.12,0,6.08,6.08,6.08,0,4,7,4.86,0,4.92,7.2,5.99,-0.24,5.73,5.73,5.73,0,2.6,2.86,2.73,0,6.46,6.8,6.66,0,6.06,6.99,6.66,0,5.21,5.21,5.21,0,5.85,7.98,6.88,-0.32,7.29,7.47,7.38,0,6.77,7.29,7.03,0,11.98,17.88,15.29,0,12.5,13.02,12.76,0.18,12.67,13.02,12.85,0,8.69,17.95,13.99,1.99,12.67,12.67,12.67,0,2.08,3.47,2.38,0,2.25,3.32,2.86,-0.07,2.38,2.6,2.47,0,2.56,4.5,2.93,0,1.78,3.47,2.35,-0.04,2.56,3.04,2.89,0,1.99,2.98,2.47,-0.08,1.75,1.98,1.88,0,2.2,3.42,2.53,0,2.78,2.99,2.84,0,1.46,2.29,1.66,0,1.04,2.29,1.66,-0.01,1.8,2.21,1.98,0,1.49,3.6,1.88,-0.07,1.93,2.86,2.04,0,1.46,2.29,1.66,0,1.48,2.09,1.66,-0.01,1.86,2.29,1.98,0,1.44,2.29,1.93,-0.03,1.18,1.32,1.25,0,1.24,1.89,1.65,0,1.72,3.95,1.85,-0.03,1.18,1.25,1.22,0
2026-07-10,4.08,6.18,5.7,0,3.39,33.68,3.7,0,1.74,3.04,2.39,0,3.47,3.65,3.56,0,2.95,3.82,3.39,0,5.83,7.97,6.04,0,2.21,12.73,7.48,4.41,2.16,3.6,3.12,-0.02,2.43,13.2,3.21,0,2.08,2.08,2.08,0,4.65,12.04,6.08,0,6.25,6.6,6.43,0.09,5.03,5.03,5.03,0,5.21,6.34,5.78,0,5.56,12.04,7.52,0,6.54,16.16,7.49,-0.03,4.51,6.6,5.56,0,4.42,6.94,6.12,0.23,6.08,6.08,6.08,0,4,7,4.86,0,4.76,7.8,6.23,0,5.73,5.73,5.73,0,2.6,2.86,2.73,0,6.46,6.8,6.66,0.26,6.06,6.99,6.66,0.26,5.21,5.21,5.21,0,6.2,7.98,7.2,0,7.29,7.47,7.38,0,6.77,7.29,7.03,0,11.98,17.88,15.29,0,12.5,12.67,12.59,0,12.67,13.02,12.85,0,8.69,25,12,0,12.67,12.67,12.67,0,2.08,3.47,2.38,0,2.28,3.32,2.93,0,2.38,2.6,2.47,0,2.56,4.5,2.93,0,2.08,3.47,2.39,0.04,2.56,3.04,2.89,0,2.38,4.5,2.55,0.08,1.75,1.98,1.88,0,2.2,3.42,2.53,0,2.78,2.99,2.84,0,1.46,2.29,1.66,0.05,1.04,2.29,1.67,-0.08,1.8,2.21,1.98,0.05,1.49,3.6,1.95,0.05,1.93,2.86,2.04,0,1.46,2.29,1.66,0,1.48,2.3,1.67,0.08,1.86,2.29,1.98,0,1.42,2.29,1.96,0.03,1.18,1.32,1.25,-0.11,1.24,1.89,1.65,0,1.72,3.95,1.88,0,1.18,1.25,1.22,0
2026-07-09,4.08,6.18,5.7,0,3.39,33.68,3.7,0,1.74,3.04,2.39,0,3.47,3.65,3.56,0,2.95,3.82,3.39,0,5.83,7.97,6.04,0,2.21,12.73,3.07,0,2.66,3.49,3.14,0,2.43,13.2,3.21,0,2.08,2.08,2.08,0,4.65,12.04,6.08,0,6.08,6.6,6.34,0,5.03,5.03,5.03,0,5.21,6.34,5.78,0,5.56,12.04,7.52,0,6.54,16.16,7.52,0.03,4.51,6.6,5.56,0,5.03,6.12,5.89,0,6.08,6.08,6.08,0,4,7,4.86,0,4.76,7.8,6.23,0,5.73,5.73,5.73,0,2.6,2.86,2.73,-0.13,6.08,6.8,6.4,0,6.06,6.99,6.4,0,5.21,5.21,5.21,0,6.2,7.98,7.2,0,7.29,7.47,7.38,0,6.77,7.29,7.03,0,11.98,17.88,15.29,0,12.5,12.67,12.59,0,12.67,13.02,12.85,0.13,8.69,25,12,-3,12.67,12.67,12.67,0,2.08,3.47,2.38,0,2.28,3.32,2.93,0.04,2.38,2.6,2.47,0,2.56,4.5,2.93,0,1.78,3.47,2.35,0,2.56,3.04,2.89,0,1.99,2.98,2.47,0,1.75,1.98,1.88,0,2.2,3.42,2.53,-0.06,2.78,2.99,2.84,0,1.46,2.29,1.61,0,1.04,2.29,1.75,0,1.8,2.08,1.93,0,1.49,3.6,1.9,-0.05,1.93,2.86,2.04,0,1.46,2.29,1.66,0,1.35,2.09,1.59,0,1.86,2.29,1.98,0,1.42,2.19,1.93,0,1.18,1.53,1.36,0,1.24,1.89,1.65,0,1.81,3.95,1.88,0,1.18,1.25,1.22,0
2026-07-08,4.08,6.18,5.7,0,3.39,33.68,3.7,0,1.74,3.04,2.39,-0.65,3.47,3.65,3.56,0,2.95,3.82,3.39,-0.09,5.83,7.97,6.04,0,2.21,12.73,3.07,0,2.66,3.49,3.14,0,2.43,13.2,3.21,0,2.08,2.08,2.08,0,4.65,12.04,6.08,0,6.08,6.6,6.34,0,5.03,5.03,5.03,0,5.21,6.34,5.78,0,5.56,12.04,7.52,-1.44,6.54,16.16,7.49,0,4.51,6.6,5.56,0,5.03,6.12,5.89,0,6.08,6.08,6.08,0,4,7,4.86,0,4.76,7.8,6.23,0,5.73,5.73,5.73,0,2.86,2.86,2.86,0,6.08,6.8,6.4,0,6.06,6.99,6.4,0,5.21,5.21,5.21,0,6.2,7.98,7.2,0,7.29,7.47,7.38,0,6.77,7.29,7.03,0,11.98,17.88,15.29,0,12.5,12.67,12.59,0,12.67,12.76,12.72,0,8.69,25,15,0,12.67,12.67,12.67,0,2.08,3.47,2.38,0,2.56,3.32,2.89,-0.04,2.38,2.6,2.47,0,2.56,4.5,2.93,0,1.78,3.47,2.35,-0.04,2.56,3.04,2.89,0,1.99,2.98,2.47,0,1.75,1.98,1.88,0,2.2,3.42,2.59,0,2.78,2.99,2.84,0.29,1.46,2.29,1.61,-0.05,1.04,2.29,1.75,0,1.8,2.08,1.93,-0.05,1.49,3.6,1.95,-0.04,1.93,2.86,2.04,0,1.46,2.29,1.66,0,1.48,2.3,1.59,-0.16,1.86,2.29,1.98,0,1.42,2.19,1.93,-0.03,1.18,1.53,1.36,0,1.24,1.89,1.65,0,1.81,3.95,1.88,0,1.18,1.25,1.22,0
2026-07-07,4.08,6.18,5.7,0,3.39,33.68,3.7,-1.8,3.04,3.04,3.04,0,3.47,3.65,3.56,0,3.13,3.82,3.48,0,5.83,7.97,6.04,-0.63,2.21,12.73,3.07,0.85,2.66,3.49,3.14,0.02,2.43,13.2,3.21,0,2.08,2.08,2.08,0,4.65,12.04,6.08,0.52,6.08,6.6,6.34,0,5.03,5.03,5.03,0,5.21,6.34,5.78,-0.57,5.56,13.19,8.96,2.88,6.54,16.16,7.49,-0.03,4.51,6.6,5.56,0,5.03,6.12,5.89,0,6.08,6.08,6.08,0,4,7,4.86,0,4.76,7.8,6.23,0.4,5.73,5.73,5.73,0,2.86,2.86,2.86,0,6.08,6.8,6.4,0,6.06,6.99,6.4,0,5.21,5.21,5.21,0,6.2,7.98,7.2,0,7.29,7.47,7.38,0,6.77,7.29,7.03,0,11.98,17.88,15.29,0,12.5,12.67,12.59,0,12.67,12.76,12.72,0,8.69,25,15,1.12,12.67,12.67,12.67,0,2.08,3.47,2.38,-0.19,2.28,3.25,2.93,0.07,2.38,2.6,2.47,-0.08,2.56,4.5,2.93,0.1,1.78,3.47,2.39,0,2.56,3.04,2.89,0,1.99,2.98,2.47,-0.08,1.75,1.98,1.88,0,2.2,3.42,2.59,0.06,2.37,2.99,2.55,-0.29,1.46,2.29,1.66,0.05,1.04,2.29,1.75,0.19,1.8,2.21,1.98,0,1.49,3.6,1.99,0.18,1.93,2.86,2.04,0,1.46,2.29,1.66,0,1.35,2.3,1.75,0.16,1.86,2.29,1.98,0,1.42,2.21,1.96,0.03,1.18,1.53,1.36,0,1.24,1.89,1.65,0,1.81,3.95,1.88,0.07,1.18,1.25,1.22,0
2026-07-06,4.08,6.18,5.7,0,3.39,33.68,5.5,1.8,3.04,3.04,3.04,0,3.47,3.65,3.56,0,3.13,3.82,3.48,0,5.83,7.97,6.67,0.63,2.21,12.73,2.22,-0.85,2.66,3.49,3.12,-0.02,2.43,13.2,3.21,0,2.08,2.08,2.08,0,4.65,12.04,5.56,-0.52,6.08,6.6,6.34,0,5.03,5.03,5.03,0,6.34,6.34,6.34,0,5.56,13.19,6.08,-2.88,6.54,16.16,7.52,0.03,4.51,6.6,5.56,0.13,5.03,6.12,5.89,0,6.08,6.08,6.08,0,4,7,4.86,-0.81,4.76,7.2,5.83,-0.44,5.73,5.73,5.73,0,2.86,2.86,2.86,0,6.08,6.8,6.4,0,6.06,6.99,6.4,0,5.21,5.21,5.21,0,6.2,7.98,7.2,0,7.29,7.47,7.38,0.09,6.77,7.29,7.03,0,11.98,17.88,15.29,0,12.5,12.67,12.59,-0.09,12.67,12.76,12.72,0.26,8.69,25,13.88,1.88,12.67,12.67,12.67,0,2.08,3.47,2.57,0.19,2.28,3.25,2.86,-0.07,2.38,2.6,2.55,0.05,2.56,4.5,2.83,-0.1,2.08,3.47,2.39,0,2.56,3.04,2.89,0,2.38,2.98,2.55,-0.05,1.75,1.98,1.88,0,2.2,3.42,2.53,0,2.37,2.99,2.84,0.29,1.46,2.29,1.61,-0.05,1.04,2.29,1.56,-0.11,1.8,2.21,1.98,0,1.49,3.6,1.81,-0.14,1.93,2.86,2.04,0,1.46,2.29,1.66,0,1.48,2.29,1.59,-0.08,1.86,2.29,1.98,0,1.42,2.21,1.93,-0.03,1.18,1.53,1.36,0,1.24,1.89,1.65,0,1.72,3.95,1.81,-0.07,1.18,1.25,1.22,0
2026-07-03,4.08,6.18,5.7,0,3.39,33.68,3.7,0,3.04,3.04,3.04,0,3.47,3.65,3.56,0,3.13,3.82,3.48,0,5.83,7.97,6.04,-0.95,2.21,12.73,3.07,0,2.66,3.49,3.14,0,2.43,13.2,3.21,0,2.08,2.08,2.08,0,4.65,12.04,6.08,0,6.08,6.6,6.34,0,5.03,5.03,5.03,0,6.34,6.34,6.34,0,5.56,13.19,8.96,0,6.54,16.16,7.49,0,4.51,6.34,5.43,0,5.03,6.12,5.89,0,6.08,6.08,6.08,0,4,7,5.67,0,4.76,7.2,6.27,0,5.73,5.73,5.73,0,2.86,2.86,2.86,0,6.08,6.8,6.4,0,6.06,6.99,6.4,0,5.21,5.21,5.21,0,6.2,7.98,7.2,0,7.29,7.29,7.29,0,6.77,7.29,7.03,0,11.98,17.88,15.29,0,12.67,12.67,12.67,0,12.15,12.76,12.46,-0.31,8.69,25,12,-3,12.67,12.67,12.67,0,2.08,3.47,2.38,0,2.28,3.25,2.93,0,2.42,2.6,2.5,0.03,2.56,4.5,2.93,0,2.08,3.47,2.39,0,2.56,3.04,2.89,0,2.42,4.5,2.6,0.1,1.75,1.98,1.88,0,2.2,3.42,2.53,0,2.37,2.99,2.55,0,1.46,2.29,1.66,0,1.04,2.29,1.67,0,1.8,2.21,1.98,0,1.49,3.6,1.95,0.07,1.93,2.86,2.04,0,1.46,2.29,1.66,0,1.48,2.3,1.67,0,1.86,2.29,1.98,0,1.42,2.21,1.96,0,1.18,1.53,1.36,0,1.24,1.89,1.65,0,1.72,3.95,1.88,0,1.18,1.25,1.22,0
2026-07-02,4.08,6.18,5.7,0,3.39,33.68,3.7,0,3.04,3.04,3.04,0,3.47,3.65,3.56,0,3.13,3.82,3.48,0,5.83,7.97,6.99,0,2.21,12.73,3.07,-4.41,2.66,3.49,3.14,0.02,2.43,13.2,3.21,0,2.08,2.08,2.08,0,4.65,12.04,6.08,0,6.08,6.6,6.34,0,5.03,5.03,5.03,0,6.34,6.34,6.34,0,5.56,13.19,8.96,0,6.54,16.16,7.49,0,4.51,6.34,5.43,0,5.03,6.12,5.89,0,6.08,6.08,6.08,0,4,7,5.67,0,4.76,7.2,6.27,0,5.73,5.73,5.73,0,2.86,2.86,2.86,0,6.08,6.8,6.4,0,6.06,6.99,6.4,0,5.21,5.21,5.21,0,6.2,7.98,7.2,0,7.29,7.29,7.29,0,6.77,7.29,7.03,0,11.98,17.88,15.29,0,12.67,12.67,12.67,0,12.76,12.76,12.76,0,8.69,25,15,0,12.67,12.67,12.67,0,2.08,3.47,2.38,0,2.28,3.25,2.93,0,2.38,2.6,2.47,0,2.56,4.5,2.93,0,2.08,3.47,2.39,0,2.56,3.04,2.89,0,2.38,2.98,2.5,-0.05,1.75,1.98,1.88,0,2.2,3.42,2.53,0,2.37,2.99,2.55,0.13,1.46,2.29,1.66,0,1.04,2.29,1.67,0.14,1.8,2.21,1.98,0,1.49,3.6,1.88,-0.51,1.93,2.86,2.04,0,1.46,2.29,1.66,0,1.48,2.29,1.67,0.08,1.86,2.29,1.98,0,1.42,2.21,1.96,0,1.18,1.53,1.36,0,1.24,1.89,1.65,0.23,1.72,3.95,1.88,-1.72,1.18,1.25,1.22,0
2026-07-01,4.08,6.18,5.7,0,3.39,33.68,3.7,0,3.04,3.04,3.04,0,3.47,3.65,3.56,0,3.13,3.82,3.48,0,5.83,7.97,6.99,-0.28,2.21,12.73,7.48,4.41,2.16,3.6,3.12,-0.02,2.43,13.2,3.21,0,2.08,2.08,2.08,0,4.65,12.04,6.08,0,6.08,6.6,6.34,0,5.03,5.03,5.03,0,6.34,6.34,6.34,0,5.56,13.19,8.96,0,6.54,16.16,7.49,0,4.51,6.34,5.43,0,5.03,6.12,5.89,0,6.08,6.08,6.08,0,4,7,5.67,0.81,4.76,7.2,6.27,0.04,5.73,5.73,5.73,0,2.86,2.86,2.86,0,6.08,6.8,6.4,0,6.06,6.99,6.4,0,5.21,5.21,5.21,0,6.2,7.98,7.2,0,7.29,7.29,7.29,0,6.77,7.29,7.03,0,11.98,17.88,15.29,0,12.67,12.67,12.67,0,12.76,12.76,12.76,0,8.69,25,15,0,12.67,12.67,12.67,0,2.08,3.47,2.38,0,2.28,3.25,2.93,0,2.38,2.6,2.47,0,2.56,4.5,2.93,0,2.08,3.47,2.39,0,2.56,3.04,2.89,0,2.25,3.43,2.55,-0.05,1.75,1.98,1.88,0,2.2,3.42,2.53,-0.16,2.37,2.55,2.42,-0.13,1.46,2.29,1.66,0,1.04,2.29,1.53,-0.13,1.8,2.21,1.98,0,1.49,3.95,2.39,0.4,1.93,2.86,2.04,0,1.46,2.29,1.66,0,1.35,2.3,1.59,-0.07,1.86,2.29,1.98,0,1.42,2.21,1.96,0,1.18,1.53,1.36,0,1.24,1.89,1.42,0,1.88,3.95,3.6,1.72,1.18,1.25,1.22,0
2026-06-30,4.08,6.18,5.7,0,3.39,33.68,3.7,0,3.04,3.04,3.04,0,3.47,3.65,3.56,0,3.13,3.82,3.48,0,5.83,7.97,7.27,1.23,2.21,12.73,3.07,0,2.66,3.49,3.14,0,2.43,13.2,3.21,0,2.08,2.08,2.08,0,4.65,12.04,6.08,0,6.08,6.6,6.34,0,5.03,5.03,5.03,0,6.34,6.34,6.34,0,5.56,13.19,8.96,0,6.54,16.16,7.49,-0.03,4.51,6.34,5.43,0,5.03,6.12,5.89,0,6.08,6.08,6.08,0,4,7,4.86,-0.81,4.76,7.8,6.23,-0.04,5.73,5.73,5.73,0,2.86,2.86,2.86,0,6.08,6.8,6.4,0,6.06,6.99,6.4,0,5.21,5.21,5.21,0,6.2,7.98,7.2,0,7.29,7.29,7.29,0,6.77,7.29,7.03,0,11.98,17.04,15.29,0,12.67,12.67,12.67,0,12.76,12.76,12.76,0,8.69,25,15,0,12.67,12.67,12.67,0,2.08,3.47,2.38,0,2.56,3.25,2.93,-0.04,2.38,2.6,2.47,0.02,2.56,4.5,2.93,0,2.08,3.47,2.39,-0.21,2.56,3.04,2.89,0,2.38,2.98,2.6,-0.14,1.75,1.98,1.88,0,2.2,3.42,2.69,0,2.37,2.99,2.55,-0.01,1.46,2.29,1.66,0,1.04,2.29,1.66,0,1.8,2.21,1.98,0,1.49,3.6,1.99,0.04,1.93,2.86,2.04,0,1.46,2.29,1.66,0,1.48,2.3,1.66,-0.01,1.86,2.29,1.98,0,1.42,2.21,1.96,0,1.18,1.53,1.36,0,1.24,1.89,1.42,-0.23,1.75,3.95,1.88,0.03,1.18,1.25,1.22,0.02
2026-06-29,4.08,6.18,5.7,0,3.39,33.68,3.7,0,3.04,3.04,3.04,0,3.47,3.65,3.56,0,3.13,3.82,3.48,0,5.83,7.97,6.04,0,2.21,12.73,3.07,-4.41,2.66,3.49,3.14,0.02,2.43,13.2,3.21,0,2.08,2.08,2.08,0,4.65,12.04,6.08,0,6.08,6.6,6.34,0,5.03,5.03,5.03,0,6.34,6.34,6.34,0,5.56,13.19,8.96,0,6.54,16.16,7.52,0,4.51,6.34,5.43,0,5.03,6.12,5.89,-0.23,6.08,6.08,6.08,0,4,7,5.67,0.81,4.76,7.2,6.27,0.04,5.73,5.73,5.73,0,2.86,2.86,2.86,0,6.08,6.8,6.4,-0.26,6.06,6.99,6.4,-0.26,5.21,5.21,5.21,0,6.2,7.98,7.2,0,7.29,7.29,7.29,0,6.77,7.29,7.03,0,11.98,17.04,15.29,0,12.67,12.67,12.67,0,12.76,12.76,12.76,0,8.69,25,15,0,12.67,12.67,12.67,0,2.08,3.47,2.38,0,2.56,3.25,2.97,0,2.38,2.55,2.45,-0.05,2.56,3.03,2.93,0,2.08,3.47,2.6,0.25,2.56,3.04,2.89,0,2.38,2.98,2.74,0.19,1.75,1.98,1.88,0,2.2,3.42,2.69,0.16,2.37,2.99,2.56,-0.28,1.46,2.29,1.66,0,1.04,2.29,1.66,-0.09,1.8,2.21,1.98,0,1.49,3.6,1.95,-0.04,1.93,2.86,2.04,0,1.46,2.29,1.66,0,1.48,2.29,1.67,-0.08,1.86,2.29,1.98,0,1.42,2.21,1.96,-0.02,1.18,1.53,1.36,0,1.24,1.89,1.65,0.23,1.72,3.95,1.85,-0.03,1.18,1.22,1.2,0
2026-06-26,4.08,6.18,5.7,0,3.39,33.68,3.7,0,-,-,-,-,-,-,-,-,-,-,-,-,5.83,7.97,6.04,0,2.21,12.73,7.48,4.41,2.16,3.6,3.12,-0.02,2.43,13.2,3.21,0,-,-,-,-,4.65,12.04,6.08,0,-,-,-,-,-,-,-,-,-,-,-,-,5.56,13.19,8.96,0,6.54,16.16,7.52,0,-,-,-,-,4.42,6.94,6.12,0,-,-,-,-,4,7,4.86,0,4.76,7.8,6.23,0,-,-,-,-,-,-,-,-,6.46,6.8,6.66,0.13,6.06,6.99,6.66,0.13,-,-,-,-,6.2,7.98,7.2,0,-,-,-,-,-,-,-,-,11.98,17.04,15.29,0,-,-,-,-,-,-,-,-,8.69,25,15,0,-,-,-,-,2.08,3.47,2.38,0,2.56,3.25,2.97,0,2.42,2.55,2.5,0,2.56,3.03,2.93,0,2.08,3.47,2.35,-0.25,2.56,3.04,2.89,0,2.25,4.5,2.55,-0.27,1.75,1.98,1.88,0,2.2,3.42,2.53,0,2.78,2.99,2.84,0,1.46,2.29,1.66,0,1.04,2.29,1.75,0.09,1.8,2.21,1.98,0.05,1.49,3.6,1.99,0,1.93,2.86,2.04,0,1.46,2.29,1.66,0,1.35,2.3,1.75,0.09,1.86,2.29,1.98,-0.17,1.38,2.21,1.98,0,-,-,-,-,1.24,1.89,1.42,0,1.81,3.95,1.88,0,-,-,-,-
2026-06-25,4.08,6.18,5.7,0,3.39,33.68,3.7,0,-,-,-,-,-,-,-,-,-,-,-,-,5.83,7.97,6.04,0,2.21,12.73,3.07,-4.41,2.66,3.49,3.14,0.02,2.43,13.2,3.21,0,-,-,-,-,4.65,12.04,6.08,0,-,-,-,-,-,-,-,-,-,-,-,-,5.56,13.19,8.96,0,6.54,16.16,7.52,0,-,-,-,-,5.03,6.13,6.12,0,-,-,-,-,4,7,4.86,0,4.76,7.8,6.23,0,-,-,-,-,-,-,-,-,6.33,6.8,6.53,-0.13,6.06,6.99,6.53,-0.13,-,-,-,-,6.2,7.98,7.2,0,-,-,-,-,-,-,-,-,11.98,17.04,15.29,0,-,-,-,-,-,-,-,-,8.69,25,15,0,-,-,-,-,2.08,3.47,2.38,0,2.56,3.25,2.97,0,2.42,2.55,2.5,0,2.56,3.03,2.93,0,2.08,3.47,2.6,0,2.56,3.04,2.89,0,2.25,3.43,2.82,0,1.75,1.98,1.88,0,2.2,3.42,2.53,0,2.78,2.99,2.84,0.15,1.46,2.29,1.66,0,1.04,2.29,1.66,-0.09,1.8,2.21,1.93,0,1.49,3.6,1.99,0,1.93,2.86,2.04,0,1.46,2.29,1.66,0,1.48,2.3,1.66,-0.09,1.98,2.29,2.15,0.17,1.38,2.21,1.98,0.02,-,-,-,-,1.24,1.89,1.42,-0.23,1.75,3.95,1.88,0,-,-,-,-
2026-06-24,4.08,6.18,5.7,0,3.39,33.68,3.7,0,-,-,-,-,-,-,-,-,-,-,-,-,5.83,7.97,6.04,0,2.21,12.73,7.48,0,2.16,3.6,3.12,0,2.43,13.2,3.21,0,-,-,-,-,4.65,12.04,6.08,0,-,-,-,-,-,-,-,-,-,-,-,-,5.56,13.19,8.96,0,6.54,16.16,7.52,0,-,-,-,-,4.42,6.94,6.12,0,-,-,-,-,4,7,4.86,0,4.76,7.8,6.23,0,-,-,-,-,-,-,-,-,6.46,6.8,6.66,0,6.06,6.99,6.66,0,-,-,-,-,6.2,7.98,7.2,0,-,-,-,-,-,-,-,-,11.98,17.04,15.29,0,-,-,-,-,-,-,-,-,8.69,25,15,0,-,-,-,-,2.08,3.47,2.38,0,2.56,3.25,2.97,0,2.42,2.55,2.5,0,2.56,3.03,2.93,0,2.08,3.47,2.6,0,2.56,3.04,2.89,0,2.25,3.43,2.82,0,1.75,1.98,1.88,0,2.2,3.42,2.53,0,2.42,2.99,2.69,0,1.46,2.29,1.66,0,1.04,2.29,1.75,0,1.8,2.21,1.93,0,1.49,3.6,1.99,0,1.93,2.86,2.04,0,1.46,2.29,1.66,0,1.35,2.3,1.75,0,1.86,2.29,1.98,0,1.42,2.21,1.96,0,-,-,-,-,1.24,1.89,1.65,0,1.81,3.95,1.88,0,-,-,-,-
2026-06-23,4.08,6.18,5.7,0,3.39,33.68,3.7,0,-,-,-,-,-,-,-,-,-,-,-,-,5.83,7.97,6.04,0,2.21,12.73,7.48,0,2.16,3.6,3.12,0,2.43,13.2,3.21,0,-,-,-,-,4.65,12.04,6.08,0,-,-,-,-,-,-,-,-,-,-,-,-,5.56,13.19,8.96,0,6.54,16.16,7.52,0,-,-,-,-,4.42,6.94,6.12,0,-,-,-,-,4,7,4.86,0,4.76,7.8,6.23,0,-,-,-,-,-,-,-,-,6.46,6.8,6.66,0.13,6.06,6.99,6.66,0.13,-,-,-,-,6.2,7.98,7.2,0,-,-,-,-,-,-,-,-,11.98,17.04,15.29,0,-,-,-,-,-,-,-,-,8.69,25,15,0,-,-,-,-,2.08,3.47,2.38,0,2.56,3.25,2.97,0,2.42,2.55,2.5,0,2.56,3.03,2.93,0,2.08,3.47,2.6,-0.08,2.56,3.04,2.89,0,2.25,3.43,2.82,-0.06,1.75,1.98,1.88,0,2.2,3.42,2.53,0,2.42,2.99,2.69,0.13,1.46,2.29,1.66,0,1.04,2.29,1.75,0.08,1.8,2.21,1.93,0,1.49,3.6,1.99,0.04,1.93,2.86,2.04,0,1.46,2.29,1.66,0,1.35,2.3,1.75,0.08,1.86,2.29,1.98,0,1.42,2.21,1.96,0.03,-,-,-,-,1.24,1.89,1.65,0,1.81,3.95,1.88,0,-,-,-,-
2026-06-22,4.08,6.18,5.7,0,3.39,33.68,3.7,-22.34,-,-,-,-,-,-,-,-,-,-,-,-,5.83,7.97,6.04,0,2.21,12.73,7.48,4.41,2.16,3.6,3.12,0,2.43,13.2,3.21,0,-,-,-,-,4.65,12.04,6.08,0.52,-,-,-,-,-,-,-,-,-,-,-,-,5.56,13.19,8.96,1.44,6.54,16.16,7.52,0,-,-,-,-,5.03,6.13,6.12,0,-,-,-,-,4,7,4.86,0,4.76,7.8,6.23,0,-,-,-,-,-,-,-,-,6.33,6.8,6.53,0,6.06,6.99,6.53,0,-,-,-,-,6.2,7.98,7.2,0,-,-,-,-,-,-,-,-,11.98,17.04,15.29,-0.4,-,-,-,-,-,-,-,-,8.69,25,15,3,-,-,-,-,2.08,3.47,2.38,0,2.56,3.25,2.97,0,2.42,2.55,2.5,0,2.56,3.03,2.93,0,2.08,3.47,2.68,0.08,2.56,3.04,2.89,0,2.25,4.5,2.88,0.06,1.75,1.98,1.88,0,2.2,3.42,2.53,-0.16,2.37,2.99,2.56,-0.13,1.46,2.29,1.66,0,1.04,2.29,1.67,0.14,1.8,2.21,1.93,0,1.49,3.6,1.95,-0.44,1.93,2.86,2.04,0,1.46,2.29,1.66,0,1.48,2.3,1.67,0.11,1.86,2.29,1.98,0,1.42,2.21,1.93,-0.03,-,-,-,-,1.24,1.89,1.65,0.23,1.72,3.95,1.88,-1.72,-,-,-,-
2026-06-20,4.08,6.18,5.7,0,4.34,33.68,26.04,0,-,-,-,-,-,-,-,-,-,-,-,-,5.83,7.97,6.04,0,2.21,12.73,3.07,0,2.66,3.49,3.12,0,2.34,13.2,3.21,0,-,-,-,-,4.65,6.08,5.56,0,-,-,-,-,-,-,-,-,-,-,-,-,5.56,12.04,7.52,0,6.54,16.16,7.52,0,-,-,-,-,4.42,6.13,6.12,0,-,-,-,-,4,7,4.86,0,4.76,7.8,6.23,0,-,-,-,-,-,-,-,-,6.33,6.8,6.53,0,6.06,6.99,6.53,0,-,-,-,-,6.88,7.98,7.2,0,-,-,-,-,-,-,-,-,11.98,17.04,15.69,0,-,-,-,-,-,-,-,-,8.69,25,12,0,-,-,-,-,2.08,3.47,2.38,0,2.56,3.25,2.97,0,2.42,2.55,2.5,0,2.56,3.03,2.93,0,2.08,3.47,2.6,0,2.56,3.04,2.89,0,2.25,3.43,2.82,0,1.75,1.98,1.88,0,2.2,3.42,2.69,0,2.42,2.99,2.69,0,1.46,2.29,1.66,0,1.04,2.29,1.53,0,1.8,2.21,1.93,0,1.48,3.95,2.39,0,1.93,2.19,2.04,0,1.46,2.29,1.66,0,1.3,2.3,1.56,0,1.86,2.29,1.98,0,1.38,2.21,1.96,0,-,-,-,-,1.24,1.89,1.42,0,1.88,3.95,3.6,0,-,-,-,-