t,actual,rw_pred,ar1_pred,rw_error,ar1_error,rw_abs_error,ar1_abs_error,rw_sq_error,ar1_sq_error,ar1_phi
45,0.9242589015233319,0.9082585601768908,0.9099496531310077,-0.016000341346441127,-0.01430924839232417,0.016000341346441127,0.01430924839232417,0.00025601092320263346,0.00020475458955323183,0.9436041055520519
46,0.9162907318741551,0.9242589015233319,0.9254433207707403,0.007968169649176793,0.009152588896585212,0.007968169649176793,0.009152588896585212,6.349172755806221e-05,8.376988350989491e-05,0.9414730679547162
47,0.9360933591703348,0.9162907318741551,0.9177022448111795,-0.019802627296179653,-0.018391114359155303,0.019802627296179653,0.018391114359155303,0.0003921440478313995,0.0003382330873715284,0.9423963966393976
48,0.959350221334602,0.9360933591703348,0.936806084769758,-0.023256862164267256,-0.022544136564843997,0.023256862164267256,0.022544136564843997,0.0005408816377277258,0.0005082380934543361,0.9401865220600025
49,0.9202827531436925,0.959350221334602,0.9591403636329496,0.03906746819090956,0.03885761048925718,0.03906746819090956,0.03885761048925718,0.0015262670708477302,0.0015099138929348295,0.9387660294957353
50,0.9745596399981308,0.9202827531436925,0.9216755347569664,-0.05427688685443832,-0.05288410524116438,0.05427688685443832,0.05288410524116438,0.0029459804466094993,0.00279672858715855,0.9386772664279228
51,0.9895411936137477,0.9745596399981308,0.9735885622786947,-0.014981553615616927,-0.01595263133505298,0.014981553615616927,0.01595263133505298,0.00022444694873760462,0.00025448644651211423,0.9331294470122429
52,0.9745596399981308,0.9895411936137477,0.987904168860246,0.014981553615616927,0.013344528862115235,0.014981553615616927,0.013344528862115235,0.00022444694873760462,0.00017807645055182653,0.9338635782434191
53,0.9820784724121582,0.9745596399981308,0.9736386247698281,-0.007518832414027399,-0.008439847642330078,0.007518832414027399,0.008439847642330078,5.653284087022908e-05,7.123102822574459e-05,0.9327161378303657
54,0.9969486348916096,0.9820784724121582,0.9808192443899316,-0.014870162479451388,-0.016129390501677943,0.014870162479451388,0.016129390501677943,0.00022112173216528384,0.00026015723795561865,0.9330819638693217
55,0.9858167945227654,0.9969486348916096,0.9950311485276497,0.011131840368844181,0.00921435400488435,0.011131840368844181,0.00921435400488435,0.00012391786999742897,8.490431972732827e-05,0.93409835541393
56,1.0043016091968684,0.9858167945227654,0.9844412001933294,-0.01848481467410301,-0.019860409003539026,0.01848481467410301,0.019860409003539026,0.00034168837353593405,0.000394435845787854,0.9331575545697818
57,0.9932517730102834,1.0043016091968684,1.0021057543851224,0.01104983618658495,0.008853981374838948,0.01104983618658495,0.008853981374838948,0.00012209887975036222,7.8392986185995e-05,0.9345447488037166
58,0.9932517730102834,0.9932517730102834,0.9915904426699245,0.0,-0.0016613303403589796,0.0,0.0016613303403589796,0.0,2.760018499797283e-06,0.9334977097162196
59,1.0043016091968684,0.9932517730102834,0.9916235715980382,-0.01104983618658495,-0.012678037598830239,0.01104983618658495,0.012678037598830239,0.00012209887975036222,0.0001607326373573532,0.9336407311009329
60,0.9858167945227654,1.0043016091968684,1.0021998455612116,0.01848481467410301,0.016383051038446172,0.01848481467410301,0.016383051038446172,0.00034168837353593405,0.0002684043613283322,0.9347108249807716
61,0.9555114450274363,0.9858167945227654,0.9846071117766217,0.030305349495329037,0.0290956667491854,0.030305349495329037,0.0290956667491854,0.00091841420803404,0.0008465578235796529,0.9328723706498936
62,1.000631880307906,0.9555114450274363,0.9558732168777541,-0.045120435280469606,-0.04475866343015189,0.045120435280469606,0.04475866343015189,0.002035853679899046,0.002003337952053616,0.9311048372051535
63,1.0224509277025455,1.000631880307906,0.9985713503072634,-0.02181904739463958,-0.023879577395282126,0.02181904739463958,0.023879577395282126,0.00047607082920952823,0.0005702342165772691,0.9301486341369475
64,0.9895411936137477,1.0224509277025455,1.0193842199950947,0.032909734088797826,0.02984302638134695,0.032909734088797826,0.02984302638134695,0.0010830505977953817,0.0008906062235977699,0.9325226801883265
65,1.0116009116784799,0.9895411936137477,0.9881149665907472,-0.02205971806473217,-0.023485945087732718,0.02205971806473217,0.023485945087732718,0.00048663116109547085,0.0005515896166639966,0.9279068196188391
66,1.0152306797290584,1.0116009116784799,1.0090165728510814,-0.0036297680505785745,-0.006214106877977077,0.0036297680505785745,0.006214106877977077,1.3175216101000985e-05,3.861512429092201e-05,0.9294368704127062
67,0.9895411936137477,1.0152306797290584,1.012521644417808,0.025689486115310745,0.022980450804060304,0.025689486115310745,0.022980450804060304,0.0006599496968687435,0.0005281011191578358,0.9301933323040619
68,0.9555114450274363,0.9895411936137477,0.9882149059282226,0.03402974858631136,0.03270346090078624,0.03402974858631136,0.03270346090078624,0.00115802378884756,0.0010695163548892544,0.927237346968096
69,0.9707789171582248,0.9555114450274363,0.9562027509818367,-0.015267472130788495,-0.014576166176388128,0.015267472130788495,0.014576166176388128,0.00023309570526440339,0.0002124646204016813,0.9252886279504575
70,0.9858167945227654,0.9707789171582248,0.9705391021036728,-0.015037877364540542,-0.015277692419092603,0.015037877364540542,0.015277692419092603,0.00022613775563096078,0.0002334078856523996,0.9248512177117658
71,0.9932517730102834,0.9858167945227654,0.9846681083873849,-0.0074349784875180625,-0.008583664622898501,0.0074349784875180625,0.008583664622898501,5.5278905109856376e-05,7.367929835839928e-05,0.9250074913507282
72,1.000631880307906,0.9932517730102834,0.9916774396975289,-0.007380107297622507,-0.00895444061037709,0.007380107297622507,0.00895444061037709,5.446598372442098e-05,8.018200664477044e-05,0.9254302871256375
73,0.9858167945227654,1.000631880307906,0.9986516800004962,0.01481508578514057,0.012834885477730817,0.01481508578514057,0.012834885477730817,0.00021948676682107416,0.00016473428522646542,0.9260376390379608
74,0.9783261227936078,0.9858167945227654,0.9847368924495421,0.0074906717291576275,0.006410769655934345,0.0074906717291576275,0.006410769655934345,5.611016295400132e-05,4.109796758144856e-05,0.9249356979805722
75,0.9282193027394288,0.9783261227936078,0.9777188810091787,0.05010682005417899,0.04949957826974993,0.05010682005417899,0.04949957826974993,0.002510693415941874,0.0024502082488830996,0.9246394411313448
76,0.9400072584914712,0.9282193027394288,0.9307801422699465,-0.01178795575204239,-0.009227116221524612,0.01178795575204239,0.009227116221524612,0.00013895590081210925,8.513967376552262e-05,0.9233443441721909
77,0.9820784724121582,0.9400072584914712,0.9418125206621037,-0.04207121392068702,-0.04026595175005443,0.04207121392068702,0.04026595175005443,0.0017699870407602094,0.0016213468703377115,0.9223877000978842
78,1.000631880307906,0.9820784724121582,0.9810992513552403,-0.018553407895747775,-0.01953262895266561,0.018553407895747775,0.01953262895266561,0.0003442289445459959,0.00038152359380251084,0.9194989214806724
79,1.0043016091968684,1.000631880307906,0.9984337293743212,-0.0036697288889624424,-0.005867879822547217,0.0036697288889624424,0.005867879822547217,1.3466910118485522e-05,3.4432013611856764e-05,0.9202336641633686
80,1.0260415958332743,1.0043016091968684,1.001903018240829,-0.02173998663640586,-0.0241385775924452,0.02173998663640586,0.0241385775924452,0.00047262701895110543,0.0005826709281864975,0.9207307617301252
81,0.9783261227936078,1.0260415958332743,1.0223502057279346,0.0477154730396665,0.0440240829343268,0.0477154730396665,0.0440240829343268,0.0022767663673991406,0.0019381198782084843,0.9229702257922408
82,0.9707789171582248,0.9783261227936078,0.9777083412947548,0.007547205635382914,0.006929424136529971,0.007547205635382914,0.006929424136529971,5.6960312902755616e-05,4.801691886392414e-05,0.9165387571452042
83,1.007957920399979,0.9707789171582248,0.970706302394962,-0.03717900324175405,-0.03725161800501686,0.03717900324175405,0.03725161800501686,0.0013822782820503581,0.0013876830439916964,0.9163789263662491
84,1.1118575154181303,1.007957920399979,1.0052303643448797,-0.10389959501815138,-0.1066271510732506,0.10389959501815138,0.1066271510732506,0.010795125844935867,0.011369349345997808,0.9165134961169155
85,1.075002423028976,1.1118575154181303,1.1032042491420053,0.03685509238915419,0.028201826113029238,0.03685509238915419,0.028201826113029238,0.0013582978350130909,0.0007953429961095378,0.9269281659442025
86,1.0647107369924282,1.075002423028976,1.0677118781584,0.010291686036547842,0.0030011411659718323,0.010291686036547842,0.0030011411659718323,0.00010591880147487384,9.006848298090768e-06,0.9172800430973017
87,1.0577902941478545,1.0647107369924282,1.058169508137375,0.006920442844573715,0.00037921398952045493,0.006920442844573715,0.00037921398952045493,4.789252916501154e-05,1.438032498480197e-07,0.9165505569255126
88,0.9858167945227654,1.0577902941478545,1.0518154620977198,0.07197349962508914,0.06599866757495443,0.07197349962508914,0.06599866757495443,0.005180184648282707,0.004355824121669341,0.9164702055872455
89,1.0543120297715298,0.9858167945227654,0.9849644356815586,-0.06849523524876444,-0.06934759408997127,0.06849523524876444,0.06934759408997127,0.004691597251783583,0.004809088806067417,0.9039011611827048
90,1.0986122886681098,1.0543120297715298,1.0477951254301987,-0.04430025889657996,-0.05081716323791108,0.04430025889657996,0.05081716323791108,0.0019625129383040118,0.002582384079548501,0.9056450343095145
91,1.0885619528146082,1.0986122886681098,1.0895889173070292,0.010050335853501569,0.001026964492421012,0.010050335853501569,0.001026964492421012,0.0001010092507681791,1.0546560686935467e-06,0.914668530425394
